-- MySQL dump 10.13  Distrib 8.0.15, for Win64 (x86_64)
--
-- Host: localhost    Database: projectserverdb
-- ------------------------------------------------------
-- Server version	8.0.15

/*!40101 SET @OLD_CHARACTER_SET_CLIENT=@@CHARACTER_SET_CLIENT */;
/*!40101 SET @OLD_CHARACTER_SET_RESULTS=@@CHARACTER_SET_RESULTS */;
/*!40101 SET @OLD_COLLATION_CONNECTION=@@COLLATION_CONNECTION */;
 SET NAMES utf8 ;
/*!40103 SET @OLD_TIME_ZONE=@@TIME_ZONE */;
/*!40103 SET TIME_ZONE='+00:00' */;
/*!40014 SET @OLD_UNIQUE_CHECKS=@@UNIQUE_CHECKS, UNIQUE_CHECKS=0 */;
/*!40014 SET @OLD_FOREIGN_KEY_CHECKS=@@FOREIGN_KEY_CHECKS, FOREIGN_KEY_CHECKS=0 */;
/*!40101 SET @OLD_SQL_MODE=@@SQL_MODE, SQL_MODE='NO_AUTO_VALUE_ON_ZERO' */;
/*!40111 SET @OLD_SQL_NOTES=@@SQL_NOTES, SQL_NOTES=0 */;

--
-- Table structure for table `alembic_version`
--

DROP TABLE IF EXISTS `alembic_version`;
/*!40101 SET @saved_cs_client     = @@character_set_client */;
 SET character_set_client = utf8mb4 ;
CREATE TABLE `alembic_version` (
  `version_num` varchar(32) COLLATE utf8mb4_general_ci NOT NULL,
  PRIMARY KEY (`version_num`)
) ENGINE=InnoDB DEFAULT CHARSET=utf8mb4 COLLATE=utf8mb4_general_ci;
/*!40101 SET character_set_client = @saved_cs_client */;

--
-- Dumping data for table `alembic_version`
--

LOCK TABLES `alembic_version` WRITE;
/*!40000 ALTER TABLE `alembic_version` DISABLE KEYS */;
INSERT INTO `alembic_version` VALUES ('f5d6101f885c');
/*!40000 ALTER TABLE `alembic_version` ENABLE KEYS */;
UNLOCK TABLES;

--
-- Table structure for table `employees`
--

DROP TABLE IF EXISTS `employees`;
/*!40101 SET @saved_cs_client     = @@character_set_client */;
 SET character_set_client = utf8mb4 ;
CREATE TABLE `employees` (
  `id` int(11) NOT NULL AUTO_INCREMENT,
  `employ_email` varchar(24) COLLATE utf8mb4_general_ci NOT NULL,
  `employ_name` varchar(24) COLLATE utf8mb4_general_ci NOT NULL,
  `empliye_password` varchar(100) COLLATE utf8mb4_general_ci NOT NULL,
  `employ_country` varchar(24) COLLATE utf8mb4_general_ci NOT NULL,
  `employ_firstName` varchar(24) COLLATE utf8mb4_general_ci NOT NULL,
  `employ_lastName` varchar(24) COLLATE utf8mb4_general_ci NOT NULL,
  `employ_phone` varchar(24) COLLATE utf8mb4_general_ci NOT NULL,
  PRIMARY KEY (`id`)
) ENGINE=InnoDB AUTO_INCREMENT=4 DEFAULT CHARSET=utf8mb4 COLLATE=utf8mb4_general_ci;
/*!40101 SET character_set_client = @saved_cs_client */;

--
-- Dumping data for table `employees`
--

LOCK TABLES `employees` WRITE;
/*!40000 ALTER TABLE `employees` DISABLE KEYS */;
INSERT INTO `employees` VALUES (1,'Lizhongkang@qq.com','e_name1','1234567','CHINA','Li','Zhongkang','18810512199'),(2,'em2@1.com','e_name2','1234567','UK','first_e2','last_e2','123456782'),(3,'em3@1.com','e_name3','1234567','IRELAND','first_e3','last_e3','123456783');
/*!40000 ALTER TABLE `employees` ENABLE KEYS */;
UNLOCK TABLES;

--
-- Table structure for table `insurances`
--

DROP TABLE IF EXISTS `insurances`;
/*!40101 SET @saved_cs_client     = @@character_set_client */;
 SET character_set_client = utf8mb4 ;
CREATE TABLE `insurances` (
  `id` int(11) NOT NULL AUTO_INCREMENT,
  `user_id` int(11) NOT NULL,
  `create_time` timestamp NOT NULL,
  `insurance_start` datetime NOT NULL,
  `insurance_end` datetime NOT NULL,
  PRIMARY KEY (`id`),
  KEY `user_id` (`user_id`),
  CONSTRAINT `insurances_ibfk_1` FOREIGN KEY (`user_id`) REFERENCES `users` (`id`)
) ENGINE=InnoDB DEFAULT CHARSET=utf8mb4 COLLATE=utf8mb4_general_ci;
/*!40101 SET character_set_client = @saved_cs_client */;

--
-- Dumping data for table `insurances`
--

LOCK TABLES `insurances` WRITE;
/*!40000 ALTER TABLE `insurances` DISABLE KEYS */;
/*!40000 ALTER TABLE `insurances` ENABLE KEYS */;
UNLOCK TABLES;

--
-- Table structure for table `reports`
--

DROP TABLE IF EXISTS `reports`;
/*!40101 SET @saved_cs_client     = @@character_set_client */;
 SET character_set_client = utf8mb4 ;
CREATE TABLE `reports` (
  `id` int(11) NOT NULL AUTO_INCREMENT,
  `user_status` int(11) NOT NULL,
  `employee_feedback` text CHARACTER SET utf8mb4 COLLATE utf8mb4_general_ci,
  `user_id` int(11) NOT NULL,
  `employee_id` int(11) DEFAULT NULL,
  `report_describe` text CHARACTER SET utf8mb4 COLLATE utf8mb4_general_ci,
  `create_time` timestamp NOT NULL,
  `lost_location` varchar(100) CHARACTER SET utf8mb4 COLLATE utf8mb4_general_ci NOT NULL,
  `lost_time` datetime NOT NULL,
  `photo` longblob,
  PRIMARY KEY (`id`),
  KEY `employee_id` (`employee_id`),
  KEY `user_id` (`user_id`),
  CONSTRAINT `reports_ibfk_1` FOREIGN KEY (`employee_id`) REFERENCES `employees` (`id`),
  CONSTRAINT `reports_ibfk_2` FOREIGN KEY (`user_id`) REFERENCES `users` (`id`)
) ENGINE=InnoDB AUTO_INCREMENT=1143 DEFAULT CHARSET=utf8mb4 COLLATE=utf8mb4_general_ci;
/*!40101 SET character_set_client = @saved_cs_client */;

--
-- Dumping data for table `reports`
--

LOCK TABLES `reports` WRITE;
/*!40000 ALTER TABLE `reports` DISABLE KEYS */;
INSERT INTO `reports` VALUES (1111,-1,'No location',1,1,'describe_1','2019-04-06 07:17:26','LOCATION1','2019-04-15 00:00:00',NULL),(1112,1,'',2,2,'describe_2','2019-04-06 07:26:41','LOCATION2','2019-04-23 00:00:00',NULL),(1113,1,'',3,3,'describe_3','2019-04-15 03:12:31','Location3','2019-03-06 00:00:00',NULL),(1114,-1,'',1,1,'message','2019-04-09 05:57:09','loaction4','2019-03-11 00:00:00',NULL),(1115,-1,'No images',2,2,'message5','2019-04-09 07:01:18','loaction5','2019-03-12 00:00:00',NULL),(1116,0,' ',3,3,'message6','2019-04-09 00:14:25','location6','2019-04-08 00:00:00',NULL),(1117,0,' ',1,1,'message7','2019-04-10 00:17:03','loaction7','2019-03-12 00:00:00',NULL),(1118,0,' ',2,2,'I lost my school bag！','2019-04-11 14:13:55','Beijing Dublin International College','2019-04-11 00:00:00',NULL),(1119,0,' ',3,3,'message','2019-04-14 09:32:03','locationnn','2019-04-05 00:00:00',NULL),(1120,0,' ',1,1,'123','2019-04-14 10:00:11','123','2019-01-01 00:00:00',NULL),(1121,0,' ',2,2,'123','2019-04-14 10:00:38','123','2019-01-01 00:00:00',NULL),(1122,0,' ',1,3,'qweqwe','2019-04-14 11:36:54','asas da s da s d','2019-04-14 00:00:00',NULL),(1123,0,'',1,1,'asd','2019-04-14 11:39:28','a','2019-04-10 00:00:00',NULL),(1124,0,' ',1,2,'I lost my luggage','2019-04-14 12:37:25','Beijing T3','2019-04-14 00:00:00',NULL),(1141,0,'',1,3,'asd','2019-04-22 11:11:24','asda','2019-04-22 00:00:00',_binary 'data:image/jpeg;base64,/9j/4AAQSkZJRgABAgEBLAEsAAD/4Q5XRXhpZgAATU0AKgAAAAgABwESAAMAAAABAAEAAAEaAAUAAAABAAAAYgEbAAUAAAABAAAAagEoAAMAAAABAAIAAAExAAIAAAAcAAAAcgEyAAIAAAAUAAAAjodpAAQAAAABAAAApAAAANAALcbAAAAnEAAtxsAAACcQQWRvYmUgUGhvdG9zaG9wIENTMyBXaW5kb3dzADIwMTY6MDg6MDEgMTQ6MzA6NTgAAAAAA6ABAAMAAAABAAEAAKACAAQAAAABAAABpKADAAQAAAABAAACMAAAAAAAAAAGAQMAAwAAAAEABgAAARoABQAAAAEAAAEeARsABQAAAAEAAAEmASgAAwAAAAEAAgAAAgEABAAAAAEAAAEuAgIABAAAAAEAAA0hAAAAAAAAAEgAAAABAAAASAAAAAH/2P/gABBKRklGAAECAABIAEgAAP/tAAxBZG9iZV9DTQAB/+4ADkFkb2JlAGSAAAAAAf/bAIQADAgICAkIDAkJDBELCgsRFQ8MDA8VGBMTFRMTGBEMDAwMDAwRDAwMDAwMDAwMDAwMDAwMDAwMDAwMDAwMDAwMDAENCwsNDg0QDg4QFA4ODhQUDg4ODhQRDAwMDAwREQwMDAwMDBEMDAwMDAwMDAwMDAwMDAwMDAwMDAwMDAwMDAwM/8AAEQgAoAB4AwEiAAIRAQMRAf/dAAQACP/EAT8AAAEFAQEBAQEBAAAAAAAAAAMAAQIEBQYHCAkKCwEAAQUBAQEBAQEAAAAAAAAAAQACAwQFBgcICQoLEAABBAEDAgQCBQcGCAUDDDMBAAIRAwQhEjEFQVFhEyJxgTIGFJGhsUIjJBVSwWIzNHKC0UMHJZJT8OHxY3M1FqKygyZEk1RkRcKjdDYX0lXiZfKzhMPTdePzRieUpIW0lcTU5PSltcXV5fVWZnaGlqa2xtbm9jdHV2d3h5ent8fX5/cRAAICAQIEBAMEBQYHBwYFNQEAAhEDITESBEFRYXEiEwUygZEUobFCI8FS0fAzJGLhcoKSQ1MVY3M08SUGFqKygwcmNcLSRJNUoxdkRVU2dGXi8rOEw9N14/NGlKSFtJXE1OT0pbXF1eX1VmZ2hpamtsbW5vYnN0dXZ3eHl6e3x//aAAwDAQACEQMRAD8A9QAShPCeE5K0JQnATwhalgEoUlndU+sHRekAftHMqx3H6NbnTYf6tLN1rvpfuJWhvwlC4rN/xp9HYH/Yh6mwFwNkgvj6TK62/n7ffX6llaxK/wDG31B9rA6nGqrgmx5FjgI8Gtfudu/M2pWl9QITQuCwf8b3S31D7di2tePpmnYRP8iuy31H/wCvsXWdD+svROvVl/TMltrmAGykgttYD/pKXw/+39BK1OgQkpEJoRUskkkkpZJJJJT/AP/Q9ThPCSdJSydJcl/jG+tH7F6R9jxXgdS6gDXUO7KuMjI/k7W/o6f+Gf8A8Gkpyfrn/jNZhPu6X0KLMpu6u3Ndqytw9rxjs/w91f77/wBBW/8A068ostdY91jy59lhJdY8lz3eLnvd+8k/mG6ACB5BDkwe08fD/UIJZFxM+A5T+wavkn90afeohN4+XKSmQcR2EKzh5l2NezJxbbMbIpM1W1mHNPBhw/6hViSQNOEwkyO/KSn2j6ifX39uR0zqe2vqjG/o7G6MyA0Fz3MZ/gshjG77af8ArtXs/R1dmQvmvHyLse5l9LzVZU5r2PYYc1zTuZYz+Uxy9y+pX1tq+snT4tAr6ljADLqH0TM+nk0f8Ddt/wCs2fov+EsIKnoCEymVEoqWSSSRU//R9VSSSSUpeFf4ws37b9ceovFhfXjurxqwfzRWxvrsb/J+0+t/24vdV849dZZX1zqVdjdtjcrIDh5+pY7ukpqPq0fBkjv5d1F1bp4gE6fIKVTyCd3IBjznT/qUet7PY1w0DxLvkglrw8CAOT7f4qLeZjTuPNXgGNds0DmzE+f0nKFuA4Pa8kAWS4AJKpC2vdpoJEg90QVN3NI5A7a+YP4oTp9IECCwfx9v/VJC6TJEE/nBFSU1Bx3N5OsLX+rP1gf0H6wYudu2USKsxsSDRYQLXN2+79H7Mjb/AKSlZFTwTp7fBRuD3BzG+5zhAA1JJ9ga3+tuSU/SiYoeHUacOil07q62MMmTLWhvKKkhjCScpI2l/9L1VJJJJSl4j/jNxLK/rrlPIgZFVFzfMBn2cu/zsde3LzD/ABndNuzuti5o2MxsNu57QC4t33WO5/c/waBIG66MTKwOgt5DonRKc1rrbgfTDjtg+W11bx7f6zLGomb9VqmPP2DKE6H07tBP7otCu9OzacXEwsHDx7Mq/JZNdwiupz432F77fe30m/zv6NWXO6NTQ5vU3U2ek3e7HbVffAkV+pa+h+M1m6x7f5xzEzXiLNUOAaeZeYv6Vm1tFmSz9G0w6ys74adN/t+ki3OsuqpIhxxmbbXN4LPzbY/qro8XFwPS/aPSmH7OyXWNw32jaG+17rOn5oa97f8Awvk3/wDB+ois6h9Urtr23gvf7WivGvJe5x2tqZFHudZ+5/hEST2QIRrcPEvZaYIG1pG8/D/VyF7QJXT5fQ8XHDH50Y7C86XXBkN936IU4dWY/cxn/nCk76oUmg24zvthAaXVYtjbXhr2+rXuouGLfufU71GM+nZ/g0RJYcZuuvbq8xuIBiPMHhdB9Q+nsz/rT0xjxLWWG906j9A03N3f9ebWq2V07pLul+t0zPdmZLbWNtrdS6oMa87W+o6z2td/b/SL0H/FZ0H9n/b8nJbGaHNx40JraB6r69w/wlr9j7GfuegiCgxIs71vT36ZOkisYlJOkkp//9P1VJJJJSly/wBccH1HMva7Yb6n4z3HgNMx/wCfH7l1Cp9VwW52DZREvHuq1iHj6Pu/N3fQQkLDJinwzBO3XyfKul4hrx8Oi0RZh2OpJ/rCzHaf+3Lalr4nSqa959Nj22gtta8GHtP0m2fvf2kXNwLse4XX0uZXd7Xte0tG6Nj2fyv0f7qt41WW0E1WNtYe1zS53/btb6t//XK/U/4RRa32bGgGmoc7OfV0zCtzW1MLMKuMXHY3awEuG2tjf3XXPa7+W9Nk4l/Svqj0p4Ac/pd2PblM4Dg57vW3Ef6DIuY/f/wasZmNfdfU67a5tTvUZW0QwOb9B+zdY57mTub6j/Z/o1tGim7p5qJFjbGbHMIkEODmuB/eRB1URp26ByOodCxLw/EvpbdiWljnMMtcHM3em9ljfcxzWvc32/8ACKzX0TCZkMzXMFTa62VNaNGtqrHsY6I/R1NRsanObUxjTXc1nti4uDxGm316/U9Rv/GU+r/wtiNkU32U+nlGsUn6dNW47x+5bdZs/RO/wlddP6T6Hq+mluPBB3217vKdYxnDomJj41YG/J+33MiID7XZO6z+q3Ipq/sL0XoFDa8F2QBtdnWOynjzsjb/AOBsYudpwhm37Xe59zwwA/yT6jnvaPzfpOXZV1tqrbW36LAGj4DROh3WZiBERG8t/wC7HZkkkkntdZJJJJT/AP/U9VSSSSUpJJJJTj/WrH9XpLngSaXts+U+m7/q1zeLaGt1MNHK7bNrZbh31vG5r63AjxkFcBQ8A7ZkEAtPiDwo8ndsYDoQ2szEo6jSKLWktDgRDi3Xz2/mqY6GLKnY1mTkem0hwDbHMcI/4Wose/8AtrGtwrhftZmWCp2oFo3gE8/Q2P2rRoxerMjdnstA+g4teCP821yaBbYEDViQd2qtlYAaTPJnnVV8qwlpPMIGM3OY4vysllwIgMazbH8vfuc5yPjhtuXSxwlrrGSPESEvBiOm5t6PCxxRi01wA9lYaT3nl3/SVhJJTNQm1JJJJKWSSSSU/wD/1fVUkkklKSSQsnIqxaH33HbXWJcUlL3uDaLHHhrXE/ILzkt21128CAHeUhdR1r6wUuxLMXFBc+5prNh0DWnSw/1tqxK6w5m0jTuFFkNkAdGxhiQCT1QV1CzRxkK7jYGI0b6pa88guJB+UrJvqzMVx9BwLOzXzHyc33NVzBOc9u6wsrHYMO6fv2pjN0dFzdneSeAEfFArvpe7SLWEny3BBrrdyZJPcqw+vdUW+IhOCwvTpLHo66KqWNyq3us3Nr3sAIO4hjXulzdvPvWuCDwpQQdmrKJjuukkkihSSZJJT//W9VQ7L6q/pOE+A1KpOfdYfe8x+6NAmFQCNJpM/OcTFbYnu7+4IOVT9spsou9wsbAB4B+kz/Ne1OGIrYcPMI0rZ5a/Fc0kEQWnX49wo7SwB3ZdJmYIyAXMhtvnw74/uuWc7EDGmq0FjvNQShTYjOw5pa1wG4S3uO6Pi1UtHtaAZOg1RasM7S3uOD2IU247mHiEKXWzbHZEDU7KhyfxVmqh9n0R7f33cf8AmScAsJpbDxmvsDnD21kO+fLP/JrQII1aYPio1VitgY3tqSeSTy5ykT2UsRQYZSsrtuI+mPmEVrmu+iZVciVHbrI0PkjSG0kq7bLG8nc3z5+9JCkP/9f0eEoTpp7BOSvCXBkcp4I5TgT8ElMg4HnQpy0ObtcA4eB1CgQkCR3SUx+y4/Zu34EhN9ko77j8/wC5F3FLd5IcI7J4pdyxbRQ0y1gnxOv/AFSL8VDcUkaRqd2RKZJJJSkkkxSUpJJJJT//0PRXHsOeykBHHPcqA+kSfGAnLpO0cdk5LIEu07KfZRAjRSSUpIJJJKXSSSSUpJMnSUuE6jK5360fXTD6HOJQ1uV1Mtn0J9lQI9lmW9v0f32Y7P01v/BV/pUiQN0gEmg9FY9lbC+xzWMEAvcQ1sk7R7ne36Scrxi/q/Uuq5e7qWQ7J3yAx2lbNNPQpb+jp/s/pP8ASPevVfq51J3Uui42VYd1waarz3NlZ9N7j/xv87/1xMjkuRHhYVKJiaLoA+8jySUf8I75BJSIf//Z/+0TKlBob3Rvc2hvcCAzLjAAOEJJTQQlAAAAAAAQAAAAAAAAAAAAAAAAAAAAADhCSU0D7QAAAAAAEAEsAAAAAQACASwAAAABAAI4QklNBCYAAAAAAA4AAAAAAAAAAAAAP4AAADhCSU0EDQAAAAAABAAAAHg4QklNBBkAAAAAAAQAAAAeOEJJTQPzAAAAAAAJAAAAAAAAAAABADhCSU0ECgAAAAAAAQAAOEJJTScQAAAAAAAKAAEAAAAAAAAAAjhCSU0D9QAAAAAASAAvZmYAAQBsZmYABgAAAAAAAQAvZmYAAQChmZoABgAAAAAAAQAyAAAAAQBaAAAABgAAAAAAAQA1AAAAAQAtAAAABgAAAAAAAThCSU0D+AAAAAAAcAAA/////////////////////////////wPoAAAAAP////////////////////////////8D6AAAAAD/////////////////////////////A+gAAAAA/////////////////////////////wPoAAA4QklNBAAAAAAAAAIAAThCSU0EAgAAAAAABAAAAAA4QklNBDAAAAAAAAIBAThCSU0ELQAAAAAABgABAAAAAjhCSU0ECAAAAAAAEAAAAAEAAAJAAAACQAAAAAA4QklNBB4AAAAAAAQAAAAAOEJJTQQaAAAAAAM/AAAABgAAAAAAAAAAAAACMAAAAaQAAAAFZypoB5iYAC0AMQAAAAEAAAAAAAAAAAAAAAAAAAAAAAAAAQAAAAAAAAAAAAABpAAAAjAAAAAAAAAAAAAAAAAAAAAAAQAAAAAAAAAAAAAAAAAAAAAAAAAQAAAAAQAAAAAAAG51bGwAAAACAAAABmJvdW5kc09iamMAAAABAAAAAAAAUmN0MQAAAAQAAAAAVG9wIGxvbmcAAAAAAAAAAExlZnRsb25nAAAAAAAAAABCdG9tbG9uZwAAAjAAAAAAUmdodGxvbmcAAAGkAAAABnNsaWNlc1ZsTHMAAAABT2JqYwAAAAEAAAAAAAVzbGljZQAAABIAAAAHc2xpY2VJRGxvbmcAAAAAAAAAB2dyb3VwSURsb25nAAAAAAAAAAZvcmlnaW5lbnVtAAAADEVTbGljZU9yaWdpbgAAAA1hdXRvR2VuZXJhdGVkAAAAAFR5cGVlbnVtAAAACkVTbGljZVR5cGUAAAAASW1nIAAAAAZib3VuZHNPYmpjAAAAAQAAAAAAAFJjdDEAAAAEAAAAAFRvcCBsb25nAAAAAAAAAABMZWZ0bG9uZwAAAAAAAAAAQnRvbWxvbmcAAAIwAAAAAFJnaHRsb25nAAABpAAAAAN1cmxURVhUAAAAAQAAAAAAAG51bGxURVhUAAAAAQAAAAAAAE1zZ2VURVhUAAAAAQAAAAAABmFsdFRhZ1RFWFQAAAABAAAAAAAOY2VsbFRleHRJc0hUTUxib29sAQAAAAhjZWxsVGV4dFRFWFQAAAABAAAAAAAJaG9yekFsaWduZW51bQAAAA9FU2xpY2VIb3J6QWxpZ24AAAAHZGVmYXVsdAAAAAl2ZXJ0QWxpZ25lbnVtAAAAD0VTbGljZVZlcnRBbGlnbgAAAAdkZWZhdWx0AAAAC2JnQ29sb3JUeXBlZW51bQAAABFFU2xpY2VCR0NvbG9yVHlwZQAAAABOb25lAAAACXRvcE91dHNldGxvbmcAAAAAAAAACmxlZnRPdXRzZXRsb25nAAAAAAAAAAxib3R0b21PdXRzZXRsb25nAAAAAAAAAAtyaWdodE91dHNldGxvbmcAAAAAADhCSU0EKAAAAAAADAAAAAE/8AAAAAAAADhCSU0EFAAAAAAABAAAAAI4QklNBAwAAAAADT0AAAABAAAAeAAAAKAAAAFoAADhAAAADSEAGAAB/9j/4AAQSkZJRgABAgAASABIAAD/7QAMQWRvYmVfQ00AAf/uAA5BZG9iZQBkgAAAAAH/2wCEAAwICAgJCAwJCQwRCwoLERUPDAwPFRgTExUTExgRDAwMDAwMEQwMDAwMDAwMDAwMDAwMDAwMDAwMDAwMDAwMDAwBDQsLDQ4NEA4OEBQODg4UFA4ODg4UEQwMDAwMEREMDAwMDAwRDAwMDAwMDAwMDAwMDAwMDAwMDAwMDAwMDAwMDP/AABEIAKAAeAMBIgACEQEDEQH/3QAEAAj/xAE/AAABBQEBAQEBAQAAAAAAAAADAAECBAUGBwgJCgsBAAEFAQEBAQEBAAAAAAAAAAEAAgMEBQYHCAkKCxAAAQQBAwIEAgUHBggFAwwzAQACEQMEIRIxBUFRYRMicYEyBhSRobFCIyQVUsFiMzRygtFDByWSU/Dh8WNzNRaisoMmRJNUZEXCo3Q2F9JV4mXys4TD03Xj80YnlKSFtJXE1OT0pbXF1eX1VmZ2hpamtsbW5vY3R1dnd4eXp7fH1+f3EQACAgECBAQDBAUGBwcGBTUBAAIRAyExEgRBUWFxIhMFMoGRFKGxQiPBUtHwMyRi4XKCkkNTFWNzNPElBhaisoMHJjXC0kSTVKMXZEVVNnRl4vKzhMPTdePzRpSkhbSVxNTk9KW1xdXl9VZmdoaWprbG1ub2JzdHV2d3h5ent8f/2gAMAwEAAhEDEQA/APUAEoTwnhOStCUJwE8IWpYBKFJZ3VPrB0XpAH7RzKsdx+jW502H+rSzda76X7iVob8JQuKzf8afR2B/2IepsBcDZIL4+kyutv5+331+pZWsSv8Axt9QfawOpxqq4JseRY4CPBrX7nbvzNqVpfUCE0LgsH/G90t9Q+3YtrXj6Zp2ET/Irst9R/8Ar7F1nQ/rL0Tr1Zf0zJba5gBspILbWA/6Sl8P/t/QStToEJKRCaEVLJJJJKWSSSSU/wD/0PU4TwknSUsnSXJf4xvrR+xekfY8V4HUuoA11DuyrjIyP5O1v6On/hn/APBpKcn65/4zWYT7ul9CizKburtzXasrcPa8Y7P8PdX++/8AQVv/ANOvKLLXWPdY8ufZYSXWPJc93i573fvJP5hugAgeQQ5MHtPHw/1CCWRcTPgOU/sGr5J/dGn3qITePlykpkHEdhCs4eZdjXsycW2zGyKTNVtZhzTwYcP+oVYkkDThMJMjvykp9o+on19/bkdM6ntr6oxv6OxujMgNBc9zGf4LIYxu+2n/AK7V7P0dXZkL5rx8i7HuZfS81WVOa9j2GHNc07mWM/lMcvcvqV9bavrJ0+LQK+pYwAy6h9EzPp5NH/A3bf8ArNn6L/hLCCp6AhMplRKKlkkkkVP/0fVUkkklKXhX+MLN+2/XHqLxYX147q8asH80Vsb67G/yftPrf9uL3VfOPXWWV9c6lXY3bY3KyA4efqWO7pKaj6tHwZI7+XdRdW6eIBOnyClU8gndyAY850/6lHrez2NcNA8S75IJa8PAgDk+3+Ki3mY07jzV4BjXbNA5sxPn9JyhbgOD2vJAFkuACSqQtr3aaCRIPdEFTdzSOQO2vmD+KE6fSBAgsH8fb/1SQukyRBP5wRUlNQcdzeTrC1/qz9YH9B+sGLnbtlEirMbEg0WEC1zdvu/R+zI2/wCkpWRU8E6e3wUbg9wcxvuc4QANSSfYGt/rbklP0omKHh1GnDopdO6utjDJky1obyipIYwknKSNpf/S9VSSSSUpeI/4zcSyv665TyIGRVRc3zAZ9nLv87HXty8w/wAZ3Tbs7rYuaNjMbDbue0AuLd91juf3P8GgSBuujEysDoLeQ6J0SnNa624H0w47YPltdW8e3+syxqJm/Vapjz9gyhOh9O7QT+6LQrvTs2nFxMLBw8ezKvyWTXcIrqc+N9he+33t9Jv87+jVlzujU0Ob1N1NnpN3ux21X3wJFfqWvofjNZuse3+ccxM14izVDgGnmXmL+lZtbRZks/RtMOsrO+GnTf7fpItzrLqqSIccZm21zeCz822P6q6PFxcD0v2j0ph+zsl1jcN9o2hvte6zp+aGve3/AML5N/8AwfqIrOofVK7a9t4L3+1orxryXucdramRR7nWfuf4REk9kCEa3DxL2WmCBtaRvPw/1che0CV0+X0PFxwx+dGOwvOl1wZDfd+iFOHVmP3MZ/5wpO+qFJoNuM77YQGl1WLY214a9vq17qLhi37n1O9RjPp2f4NESWHGbrr26vMbiAYjzB4XQfUPp7M/609MY8S1lhvdOo/QNNzd3/Xm1qtldO6S7pfrdMz3ZmS21jba3UuqDGvO1vqOs9rXf2/0i9B/xWdB/Z/2/JyWxmhzceNCa2geq+vcP8Ja/Y+xn7noIgoMSLO9b09+mTpIrGJSTpJKf//T9VSSSSUpcv8AXHB9RzL2u2G+p+M9x4DTMf8Anx+5dQqfVcFudg2URLx7qtYh4+j7vzd30EJCwyYp8MwTt18nyrpeIa8fDotEWYdjqSf6wsx2n/ty2pa+J0qmvefTY9toLbWvBh7T9Jtn739pFzcC7HuF19LmV3e17XtLRujY9n8r9H+6reNVltBNVjbWHtc0ud/27W+rf/1yv1P+EUWt9mxoBpqHOzn1dMwrc1tTCzCrjFx2N2sBLhtrY3911z2u/lvTZOJf0r6o9KeAHP6Xdj25TOA4Oe71txH+gyLmP3/8GrGZjX3X1Ou2ubU71GVtEMDm/Qfs3WOe5k7m+o/2f6NbRopu6eaiRY2xmxzCJBDg5rgf3kQdVEadugcjqHQsS8PxL6W3YlpY5zDLXBzN3pvZY33Mc1r3N9v/AAis19EwmZDM1zBU2utlTWjRraqx7GOiP0dTUbGpzm1MY013NZ7YuLg8Rpt9ev1PUb/xlPq/8LYjZFN9lPp5RrFJ+nTVuO8fuW3WbP0Tv8JXXT+k+h6vppbjwQd9te7ynWMZw6JiY+NWBvyft9zIiA+12Tus/qtyKav7C9F6BQ2vBdkAbXZ1jsp487I2/wDgbGLnacIZt+13ufc8MAP8k+o572j836Tl2Vdbaq21t+iwBo+A0Tod1mYgRERvLf8Aux2ZJJJJ7XWSSSSU/wD/1PVUkkklKSSSSU4/1qx/V6S54Eml7bPlPpu/6tc3i2hrdTDRyu2za2W4d9bxua+twI8ZBXAUPAO2ZBALT4g8KPJ3bGA6ENrMxKOo0ii1pLQ4EQ4t189v5qmOhiyp2NZk5HptIcA2xzHCP+FqLHv/ALaxrcK4X7WZlgqdqBaN4BPP0Nj9q0aMXqzI3Z7LQPoOLXgj/NtcmgW2BA1YkHdqrZWAGkzyZ51VfKsJaTzCBjNzmOL8rJZcCIDGs2x/L37nOcj44bbl0scJa6xkjxEhLwYjpubejwscUYtNcAPZWGk955d/0lYSSUzUJtSSSSSlkkkklP8A/9X1VJJJJSkkkLJyKsWh99x211iXFJS97g2ixx4a1xPyC85LdtddvAgB3lIXUda+sFLsSzFxQXPuaazYdA1p0sP9basSusOZtI07hRZDZAHRsYYkAk9UFdQs0cZCu42BiNG+qWvPILiQflKyb6szFcfQcCzs18x8nN9zVcwTnPbusLKx2DDun79qYzdHRc3Z3kngBHxQK76Xu0i1hJ8twQa63cmST3KsPr3VFviITgsL06Sx6Ouiqljcqt7rNza97ACDuIY17pc3bz71rgg8KUEHZqyiY7rpJJIoUkmSSU//1vVUOy+qv6ThPgNSqTn3WH3vMfujQJhUAjSaTPznExW2J7u/uCDlU/bKbKLvcLGwAeAfpM/zXtThiK2HDzCNK2eWvxXNJBEFp1+PcKO0sAd2XSZmCMgFzIbb58O+P7rlnOxAxpqtBY7zUEoU2IzsOaWtcBuEt7juj4tVLR7WgGToNUWrDO0t7jg9iFNuO5h4hCl1s2x2RA1Oyocn8VZqofZ9Ee3993H/AJknALCaWw8Zr7A5w9tZDvnyz/ya0CCNWmD4qNVYrYGN7aknkk8ucpE9lLEUGGUrK7biPpj5hFa5rvomVXIlR26yND5I0htJKu2yxvJ3N8+fvSQpD//X9HhKE6aewTkrwlwZHKeCOU4E/BJTIOB50KctDm7XAOHgdQoEJAkd0lMfsuP2bt+BITfZKO+4/P8AuRdxS3eSHCOyeKXcsW0UNMtYJ8Tr/wBUi/FQ3FJGkandkSmSSSUpJJMUlKSSSSU//9D0Vx7DnspARxz3KgPpEnxgJy6TtHHZOSyBLtOyn2UQI0UklKSCSSSl0kkklKSTJ0lLhOoyud+tH10w+hziUNbldTLZ9CfZUCPZZlvb9H99mOz9Nb/wVf6VIkDdIBJoPRWPZWwvsc1jBAL3ENbJO0e53t+knK8Yv6v1LquXu6lkOyd8gMdpWzTT0KW/o6f7P6T/AEj3r1X6udSd1LouNlWHdcGmq89zZWfTe4/8b/O/9cTI5LkR4WFSiYmi6APvI8klH/CO+QSUiH//2QA4QklNBCEAAAAAAFUAAAABAQAAAA8AQQBkAG8AYgBlACAAUABoAG8AdABvAHMAaABvAHAAAAATAEEAZABvAGIAZQAgAFAAaABvAHQAbwBzAGgAbwBwACAAQwBTADMAAAABADhCSU0EBgAAAAAABwAIAAAAAQEA/+EP0Gh0dHA6Ly9ucy5hZG9iZS5jb20veGFwLzEuMC8APD94cGFja2V0IGJlZ2luPSLvu78iIGlkPSJXNU0wTXBDZWhpSHpyZVN6TlRjemtjOWQiPz4gPHg6eG1wbWV0YSB4bWxuczp4PSJhZG9iZTpuczptZXRhLyIgeDp4bXB0az0iQWRvYmUgWE1QIENvcmUgNC4xLWMwMzYgNDYuMjc2NzIwLCBNb24gRmViIDE5IDIwMDcgMjI6NDA6MDggICAgICAgICI+IDxyZGY6UkRGIHhtbG5zOnJkZj0iaHR0cDovL3d3dy53My5vcmcvMTk5OS8wMi8yMi1yZGYtc3ludGF4LW5zIyI+IDxyZGY6RGVzY3JpcHRpb24gcmRmOmFib3V0PSIiIHhtbG5zOmRjPSJodHRwOi8vcHVybC5vcmcvZGMvZWxlbWVudHMvMS4xLyIgeG1sbnM6eGFwPSJodHRwOi8vbnMuYWRvYmUuY29tL3hhcC8xLjAvIiB4bWxuczp4YXBNTT0iaHR0cDovL25zLmFkb2JlLmNvbS94YXAvMS4wL21tLyIgeG1sbnM6c3RSZWY9Imh0dHA6Ly9ucy5hZG9iZS5jb20veGFwLzEuMC9zVHlwZS9SZXNvdXJjZVJlZiMiIHhtbG5zOnBob3Rvc2hvcD0iaHR0cDovL25zLmFkb2JlLmNvbS9waG90b3Nob3AvMS4wLyIgeG1sbnM6dGlmZj0iaHR0cDovL25zLmFkb2JlLmNvbS90aWZmLzEuMC8iIHhtbG5zOmV4aWY9Imh0dHA6Ly9ucy5hZG9iZS5jb20vZXhpZi8xLjAvIiBkYzpmb3JtYXQ9ImltYWdlL2pwZWciIHhhcDpDcmVhdG9yVG9vbD0iQWRvYmUgUGhvdG9zaG9wIENTMyBXaW5kb3dzIiB4YXA6Q3JlYXRlRGF0ZT0iMjAxNi0wOC0wMVQxNDozMDo1OCswODowMCIgeGFwOk1vZGlmeURhdGU9IjIwMTYtMDgtMDFUMTQ6MzA6NTgrMDg6MDAiIHhhcDpNZXRhZGF0YURhdGU9IjIwMTYtMDgtMDFUMTQ6MzA6NTgrMDg6MDAiIHhhcE1NOkRvY3VtZW50SUQ9InV1aWQ6MjA3OUU2NjBCMTU3RTYxMTgzNjJGRkU0MUNGQUMxMEMiIHhhcE1NOkluc3RhbmNlSUQ9InV1aWQ6MjE3OUU2NjBCMTU3RTYxMTgzNjJGRkU0MUNGQUMxMEMiIHBob3Rvc2hvcDpDb2xvck1vZGU9IjMiIHBob3Rvc2hvcDpJQ0NQcm9maWxlPSJzUkdCIElFQzYxOTY2LTIuMSIgcGhvdG9zaG9wOkhpc3Rvcnk9IiIgdGlmZjpPcmllbnRhdGlvbj0iMSIgdGlmZjpYUmVzb2x1dGlvbj0iMzAwMDAwMC8xMDAwMCIgdGlmZjpZUmVzb2x1dGlvbj0iMzAwMDAwMC8xMDAwMCIgdGlmZjpSZXNvbHV0aW9uVW5pdD0iMiIgdGlmZjpOYXRpdmVEaWdlc3Q9IjI1NiwyNTcsMjU4LDI1OSwyNjIsMjc0LDI3NywyODQsNTMwLDUzMSwyODIsMjgzLDI5NiwzMDEsMzE4LDMxOSw1MjksNTMyLDMwNiwyNzAsMjcxLDI3MiwzMDUsMzE1LDMzNDMyO0JBNjhFMDk1QTExODMxMjFCQzczMTFBOTBBMjY3MjdFIiBleGlmOlBpeGVsWERpbWVuc2lvbj0iNDIwIiBleGlmOlBpeGVsWURpbWVuc2lvbj0iNTYwIiBleGlmOkNvbG9yU3BhY2U9IjEiIGV4aWY6TmF0aXZlRGlnZXN0PSIzNjg2NCw0MDk2MCw0MDk2MSwzNzEyMSwzNzEyMiw0MDk2Miw0MDk2MywzNzUxMCw0MDk2NCwzNjg2NywzNjg2OCwzMzQzNCwzMzQzNywzNDg1MCwzNDg1MiwzNDg1NSwzNDg1NiwzNzM3NywzNzM3OCwzNzM3OSwzNzM4MCwzNzM4MSwzNzM4MiwzNzM4MywzNzM4NCwzNzM4NSwzNzM4NiwzNzM5Niw0MTQ4Myw0MTQ4NCw0MTQ4Niw0MTQ4Nyw0MTQ4OCw0MTQ5Miw0MTQ5Myw0MTQ5NSw0MTcyOCw0MTcyOSw0MTczMCw0MTk4NSw0MTk4Niw0MTk4Nyw0MTk4OCw0MTk4OSw0MTk5MCw0MTk5MSw0MTk5Miw0MTk5Myw0MTk5NCw0MTk5NSw0MTk5Niw0MjAxNiwwLDIsNCw1LDYsNyw4LDksMTAsMTEsMTIsMTMsMTQsMTUsMTYsMTcsMTgsMjAsMjIsMjMsMjQsMjUsMjYsMjcsMjgsMzA7RUYzQzA3OUIzM0Y0N0QwNjREOEE3MDMyNjBGMzJGOUUiPiA8eGFwTU06RGVyaXZlZEZyb20gc3RSZWY6aW5zdGFuY2VJRD0idXVpZDpDQjczRkMxQkIxNTdFNjExODM2MkZGRTQxQ0ZBQzEwQyIgc3RSZWY6ZG9jdW1lbnRJRD0idXVpZDpDQjczRkMxQkIxNTdFNjExODM2MkZGRTQxQ0ZBQzEwQyIvPiA8L3JkZjpEZXNjcmlwdGlvbj4gPC9yZGY6UkRGPiA8L3g6eG1wbWV0YT4gICAgICAgICAgICAgICAgICAgICAgICAgICAgICAgICAgICAgICAgICAgICAgICAgICAgICAgICAgICAgICAgICAgICAgICAgICAgICAgICAgICAgICAgICAgICAgICAgICAgICAgICAgICAgICAgICAgICAgICAgICAgICAgICAgICAgICAgICAgICAgICAgICAgICAgICAgICAgICAgICAgICAgICAgICAgICAgICAgICAgICAgICAgICAgICAgICAgICAgICAgICAgICAgICAgICAgICAgICAgICAgICAgICAgICAgICAgICAgICAgICAgICAgICAgICAgICAgICAgICAgICAgICAgICAgICAgICAgICAgICAgICAgICAgICAgICAgICAgICAgICAgICAgICAgICAgICAgICAgICAgICAgICAgICAgICAgICAgICAgICAgICAgICAgICAgICAgICAgICAgICAgICAgICAgICAgICAgICAgICAgICAgICAgICAgICAgICAgICAgICAgICAgICAgICAgICAgICAgICAgICAgICAgICAgICAgICAgICAgICAgICAgICAgICAgICAgICAgICAgICAgICAgICAgICAgICAgICAgICAgICAgICAgICAgICAgICAgICAgICAgICAgICAgICAgICAgICAgICAgICAgICAgICAgICAgICAgICAgICAgICAgICAgICAgICAgICAgICAgICAgICAgICAgICAgICAgICAgICAgICAgICAgICAgICAgICAgICAgICAgICAgICAgICAgICAgICAgICAgICAgICAgICAgICAgICAgICAgICAgICAgICAgICAgICAgICAgICAgICAgICAgICAgICAgICAgICAgICAgICAgICAgICAgICAgICAgICAgICAgICAgICAgICAgICAgICAgICAgICAgICAgICAgICAgICAgICAgICAgICAgICAgICAgICAgICAgICAgICAgICAgICAgICAgICAgICAgICAgICAgICAgICAgICAgICAgICAgICAgICAgICAgICAgICAgICAgICAgICAgICAgICAgICAgICAgICAgICAgICAgICAgICAgICAgICAgICAgICAgICAgICAgICAgICAgICAgICAgICAgICAgICAgICAgICAgICAgICAgICAgICAgICAgICAgICAgICAgICAgICAgICAgICAgICAgICAgICAgICAgICAgICAgICAgICAgICAgICAgICAgICAgICAgICAgICAgICAgICAgICAgICAgICAgICAgICAgICAgICAgICAgICAgICAgICAgICAgICAgICAgICAgICAgICAgICAgICAgICAgICAgICAgICAgICAgICAgICAgICAgICAgICAgICAgICAgICAgICAgICAgICAgICAgICAgICAgICAgICAgICAgICAgICAgICAgICAgICAgICAgICAgICAgICAgICAgICAgICAgICAgICAgICAgICAgICAgICAgICAgICAgICAgICAgICAgICAgICAgICAgICAgICAgICAgICAgICAgICAgICAgICAgICAgICAgICAgICAgICAgICAgICAgICAgICAgICAgICAgICAgICAgICAgICAgICAgICAgICAgICAgICAgICAgICAgICAgICAgICAgICAgICAgICAgICAgICAgICAgICAgICAgICAgICAgICAgICAgICAgICAgICAgICAgICAgICAgICAgICAgICAgICAgICAgICAgICAgICAgICAgICAgICAgICAgICAgICAgICAgICAgICAgICAgICAgICAgICAgICAgICAgICAgICAgICAgICAgICAgICAgICAgICAgICAgICAgICAgICAgICAgICAgICAgICAgICAgICAgICAgICAgICAgICAgICAgICAgICAgICAgICAgICAgICAgICAgICAgICAgICAgICAgICAgICAgICAgICAgICAgICAgICAgICAgICAgICAgICAgICAgICAgICAgICAgICAgICAgICAgICAgICAgICAgICAgICAgICAgICAgICAgICAgICAgICAgICAgICAgICAgICAgICAgICAgICAgICAgICAgICAgICAgICAgICAgICAgICAgICAgICAgICAgICAgICAgICAgICAgICAgICAgICAgICAgICAgICAgICAgICAgICAgICAgICAgICAgICAgICAgICAgICAgICAgICAgICAgICAgICAgICAgICAgICAgICAgICAgICAgICAgICAgICAgICAgICAgICAgICAgICAgICAgICAgICAgICAgICAgICAgICAgICAgICAgICAgICAgICAgICAgICAgICAgICAgICAgICAgICAgICAgICAgICAgICAgICAgICAgICAgICAgICAgICAgICAgICAgICAgICAgICAgICAgICAgICAgICAgICAgICAgICAgICAgICAgICAgICAgICAgICAgICAgICAgICAgICAgICAgICAgICAgICAgICAgICAgICAgICAgICAgICAgICAgICAgICAgICAgICAgICAgICAgICAgICAgICAgICAgICAgICAgICAgICAgICAgICAgICAgICAgICAgICAgICAgICAgICAgICAgICAgICAgICAgICAgICAgICAgICAgICAgICAgICA8P3hwYWNrZXQgZW5kPSJ3Ij8+/+IMWElDQ19QUk9GSUxFAAEBAAAMSExpbm8CEAAAbW50clJHQiBYWVogB84AAgAJAAYAMQAAYWNzcE1TRlQAAAAASUVDIHNSR0IAAAAAAAAAAAAAAAEAAPbWAAEAAAAA0y1IUCAgAAAAAAAAAAAAAAAAAAAAAAAAAAAAAAAAAAAAAAAAAAAAAAAAAAAAAAAAAAAAAAARY3BydAAAAVAAAAAzZGVzYwAAAYQAAABsd3RwdAAAAfAAAAAUYmtwdAAAAgQAAAAUclhZWgAAAhgAAAAUZ1hZWgAAAiwAAAAUYlhZWgAAAkAAAAAUZG1uZAAAAlQAAABwZG1kZAAAAsQAAACIdnVlZAAAA0wAAACGdmlldwAAA9QAAAAkbHVtaQAAA/gAAAAUbWVhcwAABAwAAAAkdGVjaAAABDAAAAAMclRSQwAABDwAAAgMZ1RSQwAABDwAAAgMYlRSQwAABDwAAAgMdGV4dAAAAABDb3B5cmlnaHQgKGMpIDE5OTggSGV3bGV0dC1QYWNrYXJkIENvbXBhbnkAAGRlc2MAAAAAAAAAEnNSR0IgSUVDNjE5NjYtMi4xAAAAAAAAAAAAAAASc1JHQiBJRUM2MTk2Ni0yLjEAAAAAAAAAAAAAAAAAAAAAAAAAAAAAAAAAAAAAAAAAAAAAAAAAAAAAAAAAAAAAAAAAAFhZWiAAAAAAAADzUQABAAAAARbMWFlaIAAAAAAAAAAAAAAAAAAAAABYWVogAAAAAAAAb6IAADj1AAADkFhZWiAAAAAAAABimQAAt4UAABjaWFlaIAAAAAAAACSgAAAPhAAAts9kZXNjAAAAAAAAABZJRUMgaHR0cDovL3d3dy5pZWMuY2gAAAAAAAAAAAAAABZJRUMgaHR0cDovL3d3dy5pZWMuY2gAAAAAAAAAAAAAAAAAAAAAAAAAAAAAAAAAAAAAAAAAAAAAAAAAAAAAAAAAAAAAZGVzYwAAAAAAAAAuSUVDIDYxOTY2LTIuMSBEZWZhdWx0IFJHQiBjb2xvdXIgc3BhY2UgLSBzUkdCAAAAAAAAAAAAAAAuSUVDIDYxOTY2LTIuMSBEZWZhdWx0IFJHQiBjb2xvdXIgc3BhY2UgLSBzUkdCAAAAAAAAAAAAAAAAAAAAAAAAAAAAAGRlc2MAAAAAAAAALFJlZmVyZW5jZSBWaWV3aW5nIENvbmRpdGlvbiBpbiBJRUM2MTk2Ni0yLjEAAAAAAAAAAAAAACxSZWZlcmVuY2UgVmlld2luZyBDb25kaXRpb24gaW4gSUVDNjE5NjYtMi4xAAAAAAAAAAAAAAAAAAAAAAAAAAAAAAAAAAB2aWV3AAAAAAATpP4AFF8uABDPFAAD7cwABBMLAANcngAAAAFYWVogAAAAAABMCVYAUAAAAFcf521lYXMAAAAAAAAAAQAAAAAAAAAAAAAAAAAAAAAAAAKPAAAAAnNpZyAAAAAAQ1JUIGN1cnYAAAAAAAAEAAAAAAUACgAPABQAGQAeACMAKAAtADIANwA7AEAARQBKAE8AVABZAF4AYwBoAG0AcgB3AHwAgQCGAIsAkACVAJoAnwCkAKkArgCyALcAvADBAMYAywDQANUA2wDgAOUA6wDwAPYA+wEBAQcBDQETARkBHwElASsBMgE4AT4BRQFMAVIBWQFgAWcBbgF1AXwBgwGLAZIBmgGhAakBsQG5AcEByQHRAdkB4QHpAfIB+gIDAgwCFAIdAiYCLwI4AkECSwJUAl0CZwJxAnoChAKOApgCogKsArYCwQLLAtUC4ALrAvUDAAMLAxYDIQMtAzgDQwNPA1oDZgNyA34DigOWA6IDrgO6A8cD0wPgA+wD+QQGBBMEIAQtBDsESARVBGMEcQR+BIwEmgSoBLYExATTBOEE8AT+BQ0FHAUrBToFSQVYBWcFdwWGBZYFpgW1BcUF1QXlBfYGBgYWBicGNwZIBlkGagZ7BowGnQavBsAG0QbjBvUHBwcZBysHPQdPB2EHdAeGB5kHrAe/B9IH5Qf4CAsIHwgyCEYIWghuCIIIlgiqCL4I0gjnCPsJEAklCToJTwlkCXkJjwmkCboJzwnlCfsKEQonCj0KVApqCoEKmAquCsUK3ArzCwsLIgs5C1ELaQuAC5gLsAvIC+EL+QwSDCoMQwxcDHUMjgynDMAM2QzzDQ0NJg1ADVoNdA2ODakNww3eDfgOEw4uDkkOZA5/DpsOtg7SDu4PCQ8lD0EPXg96D5YPsw/PD+wQCRAmEEMQYRB+EJsQuRDXEPURExExEU8RbRGMEaoRyRHoEgcSJhJFEmQShBKjEsMS4xMDEyMTQxNjE4MTpBPFE+UUBhQnFEkUahSLFK0UzhTwFRIVNBVWFXgVmxW9FeAWAxYmFkkWbBaPFrIW1hb6Fx0XQRdlF4kXrhfSF/cYGxhAGGUYihivGNUY+hkgGUUZaxmRGbcZ3RoEGioaURp3Gp4axRrsGxQbOxtjG4obshvaHAIcKhxSHHscoxzMHPUdHh1HHXAdmR3DHeweFh5AHmoelB6+HukfEx8+H2kflB+/H+ogFSBBIGwgmCDEIPAhHCFIIXUhoSHOIfsiJyJVIoIiryLdIwojOCNmI5QjwiPwJB8kTSR8JKsk2iUJJTglaCWXJccl9yYnJlcmhya3JugnGCdJJ3onqyfcKA0oPyhxKKIo1CkGKTgpaymdKdAqAio1KmgqmyrPKwIrNitpK50r0SwFLDksbiyiLNctDC1BLXYtqy3hLhYuTC6CLrcu7i8kL1ovkS/HL/4wNTBsMKQw2zESMUoxgjG6MfIyKjJjMpsy1DMNM0YzfzO4M/E0KzRlNJ402DUTNU01hzXCNf02NzZyNq426TckN2A3nDfXOBQ4UDiMOMg5BTlCOX85vDn5OjY6dDqyOu87LTtrO6o76DwnPGU8pDzjPSI9YT2hPeA+ID5gPqA+4D8hP2E/oj/iQCNAZECmQOdBKUFqQaxB7kIwQnJCtUL3QzpDfUPARANER0SKRM5FEkVVRZpF3kYiRmdGq0bwRzVHe0fASAVIS0iRSNdJHUljSalJ8Eo3Sn1KxEsMS1NLmkviTCpMcky6TQJNSk2TTdxOJU5uTrdPAE9JT5NP3VAnUHFQu1EGUVBRm1HmUjFSfFLHUxNTX1OqU/ZUQlSPVNtVKFV1VcJWD1ZcVqlW91dEV5JX4FgvWH1Yy1kaWWlZuFoHWlZaplr1W0VblVvlXDVchlzWXSddeF3JXhpebF69Xw9fYV+zYAVgV2CqYPxhT2GiYfViSWKcYvBjQ2OXY+tkQGSUZOllPWWSZedmPWaSZuhnPWeTZ+loP2iWaOxpQ2maafFqSGqfavdrT2una/9sV2yvbQhtYG25bhJua27Ebx5veG/RcCtwhnDgcTpxlXHwcktypnMBc11zuHQUdHB0zHUodYV14XY+dpt2+HdWd7N4EXhueMx5KnmJeed6RnqlewR7Y3vCfCF8gXzhfUF9oX4BfmJ+wn8jf4R/5YBHgKiBCoFrgc2CMIKSgvSDV4O6hB2EgITjhUeFq4YOhnKG14c7h5+IBIhpiM6JM4mZif6KZIrKizCLlov8jGOMyo0xjZiN/45mjs6PNo+ekAaQbpDWkT+RqJIRknqS45NNk7aUIJSKlPSVX5XJljSWn5cKl3WX4JhMmLiZJJmQmfyaaJrVm0Kbr5wcnImc951kndKeQJ6unx2fi5/6oGmg2KFHobaiJqKWowajdqPmpFakx6U4pammGqaLpv2nbqfgqFKoxKk3qamqHKqPqwKrdavprFys0K1ErbiuLa6hrxavi7AAsHWw6rFgsdayS7LCszizrrQltJy1E7WKtgG2ebbwt2i34LhZuNG5SrnCuju6tbsuu6e8IbybvRW9j74KvoS+/796v/XAcMDswWfB48JfwtvDWMPUxFHEzsVLxcjGRsbDx0HHv8g9yLzJOsm5yjjKt8s2y7bMNcy1zTXNtc42zrbPN8+40DnQutE80b7SP9LB00TTxtRJ1MvVTtXR1lXW2Ndc1+DYZNjo2WzZ8dp22vvbgNwF3IrdEN2W3hzeot8p36/gNuC94UThzOJT4tvjY+Pr5HPk/OWE5g3mlucf56noMui86Ubp0Opb6uXrcOv77IbtEe2c7ijutO9A78zwWPDl8XLx//KM8xnzp/Q09ML1UPXe9m32+/eK+Bn4qPk4+cf6V/rn+3f8B/yY/Sn9uv5L/tz/bf///+4ADkFkb2JlAGRAAAAAAf/bAIQAAQEBAQEBAQEBAQEBAQEBAQEBAQEBAQEBAQEBAQEBAQEBAQEBAQEBAQEBAQICAgICAgICAgICAwMDAwMDAwMDAwEBAQEBAQEBAQEBAgIBAgIDAwMDAwMDAwMDAwMDAwMDAwMDAwMDAwMDAwMDAwMDAwMDAwMDAwMDAwMDAwMDAwMD/8AAEQgCMAGkAwERAAIRAQMRAf/dAAQANf/EAaIAAAAGAgMBAAAAAAAAAAAAAAcIBgUECQMKAgEACwEAAAYDAQEBAAAAAAAAAAAABgUEAwcCCAEJAAoLEAACAQMEAQMDAgMDAwIGCXUBAgMEEQUSBiEHEyIACDEUQTIjFQlRQhZhJDMXUnGBGGKRJUOhsfAmNHIKGcHRNSfhUzaC8ZKiRFRzRUY3R2MoVVZXGrLC0uLyZIN0k4Rlo7PD0+MpOGbzdSo5OkhJSlhZWmdoaWp2d3h5eoWGh4iJipSVlpeYmZqkpaanqKmqtLW2t7i5usTFxsfIycrU1dbX2Nna5OXm5+jp6vT19vf4+foRAAIBAwIEBAMFBAQEBgYFbQECAxEEIRIFMQYAIhNBUQcyYRRxCEKBI5EVUqFiFjMJsSTB0UNy8BfhgjQlklMYY0TxorImNRlUNkVkJwpzg5NGdMLS4vJVZXVWN4SFo7PD0+PzKRqUpLTE1OT0laW1xdXl9ShHV2Y4doaWprbG1ub2Z3eHl6e3x9fn90hYaHiImKi4yNjo+DlJWWl5iZmpucnZ6fkqOkpaanqKmqq6ytrq+v/aAAwDAQACEQMRAD8A3sKWO0CC1/1X/wCSj7Oaj8+lR+LqZosLfQf4+/V6rkGp69o/23+t79Xrf5deKXFhx73XrVOOOvBB/sP8f9f3r1PVhw64CP8Aw/3n36vz63XrtUsT9OP95/31/danrXEdcmUa4/8AkMW/2Hv3z62AKHrkqjn/AIrx73XHWgK4I670/wCx/wBb3rr2nrlp/wBh78D5daIH59dFD/vr8/69ve/t6914oCbf0/3j/jQ9+rxI6tx65iO3+H+H9f8AY+9V869ex1lSM/X/AHv8/wCw/wBh7qWHVS3DrN4+P99/vfvWr9nXqnrIsYPFh/tvei/p16p65eID6W/23/I/fvEGetFj1yEY/Pupc9V4ZHXvGv4961muerAmnHrgYr8XFv8AH6+7iTr2qg64mL8n/Dn/AH1/e9Y4Hj1vUa8MdYzGf8f+N+96l9et6vt65LCb8/j+vHvRYUx1osB15orH/invYYHrwb164+M/4/7bj/e/fqj163q+R668Z/r/ALf/AHx9261rXj1yELH/AH1v97911D16qX9B1k8It+P99/j71rHVat69dNDx/wAU/wB9z73qHW9TdYTGf8Pdq9WDA0B49cStvqP9j79XrYKtw66A/p79x63QcOvWv79WnXsDrojj3sdePDHWLT/vPu1etYz1hZb/AOuPfq9a6xhfWL/04+n9D72Kder8+shW5vf3vrwNOuyL+/daBp1hP9Pfh1Yn9nWN72/1z+P6f4+/dVx1lCk+9V639vXAgEc+99a6ygkfT3rq1OvNz+Le/dep8+uH+t731o0xTr1/futdc9f+H+8/8a9+691hcm9xxf8A2Nv+I9+63x68Bdefqb8/n6+/da4dYmS3/Ffeut1pw6w6efxf6f8AE+90+fW8cev/0N7qnjZY1DCx9XHH+qP/ABX2cGtTjpWRqJNcdSdBP14/2F/+J9669UcOuQT+v/GveutV4567KC3P+++vvwI8utfn1w+v0/P+H4vb+nu+fPrwPXiAB/xP9P8AjXutPPrdR69dAD/X/wBh70a9ar6dc9KllLf2b2Iv/vj71wB68D5eXXLSpP8Aj/sfdvn1avp1z0j/AF/dK9Vr69esP9f/AH3+PvxPoetEg9cLMfpx/vv8fdgwFB1utc9clS3/ABr/AIr78Wr16p9euwDfj/bWv7oT8uq18q9Zhxx+fyfdade+deuYuf8AWHv3WgTwr1kF/wA+6k9bJr1y96/LrWfXr3v3Wuve9db697916vr17/G/++/4r73X5db69/vPv1T1rHXveuvV9Ove916117j+n/Ive69b642HvwbjXr1T1y9+r1rr3vVT17r3vdevddEA/X3YE9e64GO//G/dg3XiOuJQj/W/w921DqtPn1wKAnn3uvWwWAIr14x8Wt/jb/efftXWxq416wlD/Q+7Y69qPUaRSDf+v/Ee9nqwz1ib8f77/G3vw6sPProNbg/7f/ivu3WiP2dcwQfofe+tdcGW/I9+63x49YieP98ffuvdc/oPeutnA6xG/wDsL/74f7f37rQp1IK/0/H+Pv3W68a9d2uLH3vrVaHHXDSL8n3rrZzmnXErb36vWqenXXvfWqU64kj8+/deFeuA1WGk/wBf6f1Pv3Wz1xJJ4J9+61w648X/AMf99+ffuvdf/9HfFQXUEfS5t/r3P+8+zgnJ6VDrKvtsmnXj1z0t/T/bjn/eePegeqEnriU/qf8AYX/w97B68CTx64BSf8PdgcdePyHXBhza3H9T79XrWT1xH0v/AMa/3r+vvXn1dR1yUE25/rf/AHv37yNOtE1PWQL9f9sPegeteXWVQPzf8f74+6njXrf29dkWv6f+JHvw+3rVOvAfQ/71a3vx49ar1yKkj6G3++/PutetddKtiLA/6/vfAfPrfy6yqhJ+lh/X/ff4+6lqD59aJ6zqgHAH++/HtssT59a6y6Lg3/p/tvda8KdeJ6x+I3/4n3bWOvV6y+NQOVv7pqPr1Wvz66Ea/WxPvxY+vW9XXTRi3AsR+Pewx8+HXgesOkj68f6/u9R1avXXvfXuu9J+tvfqjr1R14KT/wAQPeietE9eKkf4+/A169Xr1j/T3uo63Ude0te1veqj169UdZwgA/HuuodVr+3rg6AC44/1vewf2dbr1h93631372CPPr3Xvfq08+vddf7b/be96uvU66YX97B+fWwesR/p7sDwp1oih6jul7j/AF7f8R7dBBHWxjPUcp/hY/W3veB16p6xlPzb6e9k9byeuGn83/3j/jfvVet1+XXYUDn8+9g9eJ6xEc2/33+xv73/AIevU6yOPpb6C/vfWusR+hv791sD59ZVf+v+39+611z9+691xYfn3rqwPl10Rxcf7H37r1c06x2PvfXqHrGyknj6f0v/AL7+vv3Veu0sEA/1/wDez791vB+3ri4A/HvfXq9Yrm9vxb/ff8U9663iladf/9LfGi9KL/Tn/ezx7NGyT0pwesytb6e9UHWq9Zf1Dn/ev+N+9cOHWieuBsP6f7fn/be9161X1PXH6Dn3qpPVhw6wtyeP9b3YY61w65BfT/T6/wC9/wDFfe69bqesipbk8/8AIvr7rXqpNeu/e+rdZF+nP+v7qetE9cvr9PdevVzjrmEJ+vHvRYDh1rV1l03/AD/vHuleqauuwp/ob+9V69WvWQL/AIi/+v71n063w+3rkBb/AIr7r9p611kA/p/xPvRIwPLqp+fXdj/h71X5deqOu7e9aj69ar10QfewacOvAjrrj8/7f/ivvflUdb64kfg8/wC+/HvwPmOtg9eCWtYD/b8+/Vrnr1eu9J/Nh/r+9V9OtV69Y/4f77/W97/Lr1T17Tf+h9+4der6jrGTySeFX6/4sf62+tr/AOxPvfl8z1b/AA9cxc/T3rA6rU9d6T71Uder8+uvr73kdbB6xPH+R/tvdw3r1YHrEQR9fdwa9b68FJ/4qffq9e65+M2+vPvVetVHr1142/w9+1Dr1esDKQeQfdwer8R1jIvwfdwadV4dYyv9f9v7crXh1YU6wutv9Y/778e9jr3A16wlf9b/AG/vdOtkjj11oP8Avv8AjXv3XjTyPXAgC5A5Pu44dbpkdd+99V6wkfUf7x791vHHz669+6114Ej6H37r3Xepv6/7wPfuvdcvqOD/AK4/4m3vXW+PHrifoPe+veXXG1/9t7916vXYXSo/P1/3s+9dbFKddGx/HvfWusPGr/C9vr/sPr791rr/098dFOkc/X68f4+zZjUnHSjrJb+ov7a61TPDrkDb6Af7z71T169T5467+p5HP4/p/j/r29+48OHWuuRFxb3sYp1rrGRb6+/FgeA6sBXJ66QEc/U/n+lv6f09+r1s0A6ycnj3vhnqgI6yrH9Pz/sP+R+6l+t18+snj/w901fPqtR1zCD6f77+vvRY9bBrXrIF/HupPWiB1zAH0tx/vvr70cfb1qgH29cgt/oPeqn169U9cxF/rD3on1PXq+vXMrp4906ofXrwF+B791rrvS39P969+691zVbXvbn349e67Kgj+h/HvQNet9R3VtQUcf2mP+APAH/Bm/3i/u4NB1uvXTKbfXkG4/2H4/2PveoV4deqK9cGkRbA6he3Om4N/pYi4F/8SPfhqrXrdD0yZTcuCwob+LZbH4yyRupr6uCm8iytojMImeMTl5PSFQliwIAuPbyozUKrg9WCMaEcOgB3T8wPj7tClo6vNdk7fpkrc7U7bSP7umWSnytAXORhyS1VTSfw9aCKFnl120rbm7KDcwNWhYAfb04IHNDQ06i1PzJ+N6YzAZFO8ushS7no5K3BVtHuLH5KPKU8fiEj0FJDLJUSPA8oEkbWeNlKsAb22IFIrqqPLrywMThSeiwD+aj8dsA2WG8917bp8fhY6irq87R5cxaKSOtmp0q63A+DIV9LqjMTyNE9RBTCRhI66HK3kt1AqHp1f6djWnkOh62b8+PituyZ8VUdybF21uSnhjrajb24dzYLG5JsVVsxx+doUlyTw5PB18KF46qmeWKwOorb221uQxCEE0rTzp69VeB1JIU06Gyl786WrZqKGj7Z65rpMjG0tFFSbxwM8tRHG2h5KdI61vMofgKDrN/SG+nv3075ouemzGQK06FelqqWvp4qqiqIaylnRZIainkWSOSN1Do6OpNwysD/AK3tOQVNCpB6pSnl1nt/Q/8AE/7yPeqHrWR17T/rH/YH/inv3Dr1T17Tb+g/2B9+z/qPXqnr1j/h79T5dbz16x/p/tvfutV+XWKRdQ/p/vHuymnV1YdRmjI/x/Pt0MOr8ePWK3u9etUPXHSD9fdtR68D1jMfP++/42fdgx69XriUAPu2aV61U9YWU392Bx1cGoz11o4/x/33HvdevdYWW/19261SnHrjYL9Rf/H/AI1711sfLriQPx78Ot0r1xt731oj59e+n+Hv3WuuQYWsR/sf6f429+6917ST9OR/r+/de65afSAfqL/09+68OsZFvr791unXCy6v8f6cW/2319+611//1N81VNgPzz/vfs0J49KuHDj13pP5916rX165AH6W/wBj/X3rHHrRzTrux/p/re/Ag9epgevXh/j/ALYf8SffuvY68V5uQf8Abe/Y60WNKddhb/77/evfq06pxOePWQKB7qTXr1P2dZQv+2A/2Pun2nr1aYHWQC/A96JA4dV6yKg590LnrdadZBHf6f77/YX961Hr2rrIIgPqb/63H/FfdC3WtXXMIB9P99/sf6e/auvVPXL3XV1rrogH6j37V17rwAH0Fveq9e679+r17rokA2JF/wChI/2/v2ePXuvAg/Qg/wCsb+/CtevdM+WzWNwcIqspW0lHHNOtLAKqZIfuJyjOkEBY3kmZUYhVBJ/Ht9I2egUeXVgpag6r77+/mafHHpClqqGn3Pjd870goJclJtDb+RY5fH0MU/hqa3LUtPj8tW4uGiiBnlaeBBHDZn06lDP/AE4U/qNgeXE06UR2ruf9Weqo++v5vPbG5Tsqfp2Tb/Vmx8lVYqszm+JcpSZjM5/Z2RydTQVdTg6LIYSvO3/ssnQmB6qrxiTi9ogVk1s8yJ2haFCa5/Z0pWBF1CTJ9P8AP0Rf5Nd87s3Dt/E/LaoTfHeXW0FWm2d6YfsXLLS7y658NfCGz0tPs/AUuExGHyEUivDSpTjIikInXyxySIzrALGskaVVeIPEfPp1KISooD8v8HrXqlr5O/NPHdn5bGbk29DtzBPi6OppsxS4Copp8Rn3wclXR0siYmD7JaSB8LkIaGpmqIRXVMUCMJmkEhKCadHKHGofzA6cR2CSAE0B6ArHfKnc+V23vl9qPubbWErqFsDgqLZ+dno6+iy+ZrXymDo6WOOAwY+jmqMcxrFpVSoenhYFy0msNx3KMrmP04D58P8AB+zrTNIxqfnn7P8AVTov+1fkr2LsbN7CXbG5cZl5qfdVZmjtrKU8m5aqCrp62npqWiz0FfGlPW01fL5GjoFlnhXSWmUvKAW45imgKwNGqa+X+ryHTVakjUR9nCg8vt9erJOqNuSp1a/bu69/1e2+0tr7u7T2pkMxPvuTAV2Dwn2VJQ7gwu24UyNOlfDRnNfZMaKUUUMlS2qRhHHH7MYYkETSu36gZqk+VfTqvi6sLQDV8/Lz6zfH358dVdSd37qzXYGWgqNubsxWZqM7naFps3Sbxkp6/GDD7frNn5KnzUFCq0+IeFpJpEScSWnllutUG4rqCOZixIwTUeZ9CPlTrxZ2TTxNa/6vt+zq3/46f8KFOttp727n2F1n0j2nvvrCpydPWdOfweoq3qcLi8Phj/HqrcGPybbtr9pYasloyaWOGXIUuPVXLaYlstvroppCqxMVAwQP21+XVRAWVX1Lno2nW/8Awp8+LucNHgd9bH3V1fvWpr4KB8Xv6rwdPtyjR2RZq+r31tr7+gtCSQkQp/LUKNSqlwpZ8ezdtL6kf+X7cjptrYipPVoPR/8AN3+I3dzNHhu3OsqQImPvXwbvqK7EST5KvnxlLQfeV23sPNSZSorodEVJVLBUyqQyqVZSXFjtpcwzBum2t2AqUP8APqxvA9h7ZztYmNgylB9/LT09XSxpVxaa+mqY/LDLSK7iVmKeox2LhbE8Ee9S2roNa1K/z6ZaMjI4dL0I3+t/r/8AIvp7SV6a66K2PPvYNOt9cbf74i/vdR6dex6dYnX8gWP+H0I93Hl6dWHy6jOlzdf6e3A3r06DjrEVI+vu4Pp1vB64W92rjqtOuit/p/vv6+3NVMdeH2dYmT/ff63u1ajrY6x8e/DGer0Bx1icc+7DrVPLrGR/X3vrWR1gK29769x4ddhSfeuvfaeujz9ffutmnn11731Xr3v3Xuu9Tf1/3r37r3XFrsPrz+Px/vXv3Xh8+HWC3Nvfut08uv/V30gLezAkevSo06yKtxe3+390J9OqEV65aR799vVSDwr10VB+n1/r9f8AinvYNOvDHXgn9P8Ab+/FutEGmT1y0H/fX961daFPPrkF/p+feqjz69UenXMJ/re9auqluuQQn/H+tvei3Xq9ZljP+t7oT1sCnHrOqAfX3QkHrRPp1z91J61173Xr3Xvfuvde9+6910eP8R+f6/7D+vv3Xuvah/Uc/Tkc+/de6wVVVTUNNPWVk0dPS00TzTzynSkUSAl3Y/WwH9OT72qliFUVJ68ATgdEc72/mI/Gb4+PFF2BvzE4ieoop8nT0WRr8di8pWYimZo5ctQ4jK11DlanHtOjRwvHTyvUyqY6eOZ/T7Wi0CrqmkCn06eSFnoBx613fmZ/wp12jgex6HZXxOoaLMbS27RVNfvXsHdeIp6p9xVhhdY8Bs3CvGFx6UElpGra10WfSU8SgqzNGW3jYqg1MPPP8vX8+lkVqg/tGo3kP8/WvT2v/OR75727Nrtzdjb93ZSbPxVZV/3SoNl1NVteniy9PNPW4/ceUwdDmftq3JySPFTTO8knigVEjY+NvJRb7U7aydA9P5f6vTpzsi+FQc+Z/b0UGL59ds/3uqt70+4I8puCSDcIm3XWUOPfcbf3jhydPXwUNbkaLIJSYgy5MiWnaKRZmijMZiKq60N4yurau4/5eqowZSVxT0PkPPoMl+XO/wBsRV4Z5KeixNZWR1s1fQ0VHLm4jQVLyU9Dh8hH9o1Ni6iWZpVpSVCSRBkMYBDMi5ICxsaY/wAHTpmdXMiZ+X2gf4f9np12T89O79v4TtLryo3yK/Y3amAp9nbvGUQSSQ46jjkXFV2PZFYU2Sp5VC+VYpKgr6dQBa9o72ZC0bSAxMKV8/TphiGP9P5cP9nPRM8hu+nifKY6prJp5pKlf4RVGaKOCVhoKRVqSjU1qeRgvr1BmHtK7ihAqwH+r8+rhiCylgGJx/l6jY3euYx/7UUlVRNO5PlEhjIaMMNcdiDdQxIIPAb6829pFkdGqgzXp0aaAOcU/b1Ex+6KeiyJqpXpqtnikLwz/cUxWXyIySfd00kMiMhIIKunqW5v9Pb0UmhtTpX5fb59MutQdLgV8+hY3/3jVbp2ztjamAUbT27jYchkM9j/AOIT5elz+68vkJZsjnjLUUz1SXoBTRwwSTSRwSxGWPSz+1Et2JtK0KpmtfXqoDoRVhUny/y9AbWZxVOmOodEk0eXwN9xXTojKIYi8mlRJO62vww/H9facENQCuo8eqMSrNQUUkDFK/7HQlbW7PrcDhpcVQ5nLI2UiV46DA6cNJjM/BXTUFPHmMitNPV5ujlxVVUD7amlj8hnjVm9BBUxOEXw6nVThwoR/n8+qK5wCKKP9Wfs6G+o+Vu/KfZOM2hh8B1htaHBY+TE12VxPXG0G3PuFJa2vSqn3Pnc/jMzk6ivj+/KeWOSFlhiiTSPEh9vG7cLoQKKChNPy4/t6dEna7nNfn/qx0DeI3zmdp5iVNr7myNDTV1BTRznFT1mHp6+NxDNU0y0i1kqvJTTxAq2puUVlKMQAjNakxvTH2dXFwyHSxwB/OnVu3xN/nBd8fHSgG398RHuzaFPNFkNtRbk3Dnod7bFnhqrxVmz93R5CWuo8e0czxy0cxqInjNhpAIZbbbnPAulxrjNePEfn06wjk9Af5U63d/5bf8AOa+OPzM27tzBt2JhNndsVs0mJXrjeWdx1PmsuaeConiqcVIHU19fFDT6KkFIFcjWmrXcGQe1u1rHQP6VFf2efSGWCmQKr69Xi0dZDkKSCrp3SWKeNZYniljnikVvo8U0LyQzRn8MrEH2jZCjFekhFOs1j/Q/7b3XrXXAj/in+w92B4jrfXApzYe9hvM9WqR59cWjtz9f9h9Pew3Ww3r1haL8gcf6/twP68er6q+fWOw/p7cBPr16p66Kg/4f4jj3sMR9vWjnqPJHbn/C/wDr/wDG7e3AwI6sppg8OsBHu9fLq5FesTLb3YHrXyPWMj3brRx11791rrEy2966tx+3roW/I9+68B+3rkbHn3rr1DwPXC3vfWqfPriSB731rrFqGv6fj/ef9t791by49f/W32v99/tv+Ke1nSmtOuwCfp+foPfqjqmvj1mEY/pf22WPVCfU9d6L/QX/AK39+1U4nr2rrsIR+P8AYf0/2349+qD1uteHXvGf8f8AHi3+3971fLrVB6dcxEB9f99/sfddXqeqkHrIBb/D3Ut6deC+vXID3osevUA+3rmBb3Sp68TXrv3rrXXvfuvdctB/1v8Aff4X9+6913oP5I/33+29+6913oH5J/2H++Pv3XuveP8Ax/3j/jfv3XuuDqqK7ltIUFmLEabAEkm5AHH597FSccevdaa389P+elS7KyOX+L3xT3pDHkdtZTIYzs7fu2srClZVZymx00I2zha+OKoWLF4bIT+OvKqJ6yoUJA6xxNK7rzpZqQrgzniP4f8AZ9f+L6XQ25Ua5ENfKvn/AJetIjsr5Gdi9lZzIZ7eefrt0ZzIUlHQVOXyldVVVaYqBVipVinneesZyE5YueR9COAXtcySVLNU0x/q+XTrSaa6F/zY9OgigqZ6h6iorWqadChMNPEGmkrJIwrJCy+XWgk0C7Ne4AvcfVoyjuoT/q8+tKhoWdc+n+TphmytTUTyRLqUv5RLoYiNVVXCQppOkWP1sbkkk8e/AEBU+Hhn16ozFtRC1NDUenyHXGTNEUjCC6eV6EKwBu8SM0cmhyoY3d20qOdNj733djCpavWgykMK6RT/AFfn1HmyjJJ/DYWPimCMjOSWZ1pLx6Py+kAg/m4JBv7qwrpYf6s9aViNSkZpXI+X+bpqly8EdPPTiFWiR4qBRDLqkVXHmFSZgsmiR5F9R9Vjp9+q3Zmpr+zqlUUkEfZ658/s6w4+WjFZGEhi+6qUVEqKt6yaSGXw+qJgKk0rO8vALR/1927gcinzr/k61qBqRxPmeoVfTyzVZpnWGWptLUpH5ZqXxxkveXyRyqsSnTYCwAAvb8e6knVqPn1586QR/k65NW10QlgjeJlKQ+URvMFLFhH5liksZlC/otpNhc8e6hKgN6n8v9jpwytr0kY+R4f7HXConq9L/bz076XZH8zOs0XrKEFTGyqjEkAhr+6AEUqP9R6sxdgc4qPtGfl1Ojx1cYo/uqNU8iioRQ/jEixs+mc2UNp+qgvxb6ce9muGB/2OvFfhVl7qj+Xn/g6VdPRY9BOWKUriNC0Eaxy0k8jksV+4imC08pfknSTr5H5v4MTXU/cP8/TtEViygfP7T/qz1hoisfn1E1EF5IpIxeZ4vIulxIFIbSVNidIH54PvQkzVvPqhhQFmHD/V/qPWaGldK6jhjVpKWKUM8zENJTuEFpCXABi8cQDH6WPPPu2ss4NetNEV0gnt4n5Y/wAHr0p8Pl8eWjgnmeESMqKhCzSLTSSB24vrMRiU8cWX6X931FaDy8/9X7erxuGHdjy/y/z6We2t1ZnZtdTbp21Umlq8FLFPhHgFVBUNPTVI/d9BiqC48rMSNAa1gdI97QkMJFYVHD/P06XKCoXtA4U/1cOtun+WB/woXynXcey+oO96Gok2tSTY7EPuHJ5yarixtAoWCapoauooqrNVcszynTS1lQ8UDKpWo8RKKcQ38Uo8G4SjcK+X2+vTb2wkDMnGh8uP2dbuXTPePW3e20sdvHrfc+M3DichTJUD7Kvo62WAO7oBI1HUVMJBaNhdXYce9zQtH3DMZ4EcOi50ZCQRnoWpB/h/X/b/AO+PtkHqnWP/AF7j/ff737tSvAjrfXTAkf19+GOI616jrh+CPz7sONerDqL9PbwPV+ve9+lOvdY5Dxb/AGPtxR14gn7eoZFiR/vv8PbnToNQCOuiLj3sHrx6wMOfdgetcR1x9760RTrixFuffuvDj1xtxf36nVq9eWxv791o1HXErb6+/deoDnrGwB/PvfWv8HWLSNVv9he3v3Wvl1//19+ARgfU+1Jb06cqfXrIBa39PdePVeuQF/8AAe9EgcOPWif29ZkUWv8A7x7qetf4eslh/T3rV6de646f8fetR63Xr2ke9ajw69XrwUf6/v1evV65e9da67AJ+nv3XuuQQ/nj/e/fuvdZAAPp7917rv37r3XvfuvdcC3OkcN+Ln6ji5HPP/Ee/de6DHtzubq3ojY+Z7G7d3vt/YWzcDSVFXXZncmVpMZC4poJKl6eiSqnifIVzwxMUghDyvY2HHu6RtIaDh6ngPtPWwCxCqKk9aPf80z/AIUubt7Mw25emvhrjcx1xtGvro6WXuWWrhG7M9gQkkdVBjMDU4wSYBsnJJpWUyNIioTGzcMzct2luum3zMfxenrQdGkNkE0PLQn09PketPbN5GXNZHIbm3RuU1VZXVFVWTxzfcZDKVlXVSST1DzuohQVNRK7GVjISGNmtf2Vli7EkZ/wnpSygUZpKt6eg/1cegzyWbp4ZxSYynJnZiQ0yRK8QI1aphHqQHSCQmo6EBJvwfdghr3mg6Ryzqoogqf9Vfz6x5HONBjEgo9SusBkrcoWDNFG62fwqyreqqi4SO5IufSAF9uQqrayRkevD8+qF9K6Q2Rmv2+nTDSzLUNBLLI8VFDRBhBFca3qXniuXbSBM7DSZWFlAJsbhTcGg/UFfLj/ACHTJIYAKTgf4epcqCUVHhqKeko4oo6RZJWEawRxwwgCmj9cssk8YIViNTkXNib+7lqKnDP5dVABJJYgDqFWPStUUzxTNURU4WBXjWQfuTEjlZRGy6VJtcG9yPyPaejKXAbH+Hq/a2kkkgfn/qyemZitOXlNjFqRpGQWF9X7hVQt2s304/3r3samFVOaj/D00QAwr06UsyPOKoMdcVQo03sGfSCjoGA0kR/T8fQ+9MSpFf8AV/qPT0aqwNCaDh14Jrmq6s1CnzU6UjOpYSzRRs7yHQObeMBPSQbkm/HvVD8VOGc9e/jqeNelZDifPjqTIT086pxKyStTQQR1ViVANOA5jWnYMA41sBYAjk7dmINB2+f29ORoB3ORqPDpXVGcgpoI4qeqXL5GmkU06CKjoMUpMDxOI5lxsM8zo5F2kF1+g5Pu3hs601VI/wBX+odWWVYyWySc/b9v+X9vQb5TJ5KapEZmiq3vYx06MIlnLFtNXVaQuqONfUWIANubG3tvwyOHXmleQksQRSn50/wU6YqZBR1Lwy16SVc7apYoJhOYPMNKAuiMj6VYWHF2twOB7eDauEY0jpLUqzgtQ1z0+VFdGZIKnHmWnqI4kFW2pPtKnTaL7qgCqjwozAmWNtaXN1IF1FWhagrx/Z/qPTyTUIb+X+bpT0WTrqi8eQppMiQqTFqKmo5KqKDQvpekeGOomiKuDZHClRe59sFDQgDPShZgWVia4/P0/wBQ6doY9rVMs1Vja8QzxKgZaulpoG0hTHUq1PTZGrqITEj2W8bX/wAAPde4cenlMEtXRqN5AjpR0225alUmp83RV4p0llVKaqnp3gjALap6N1dwmg3uygn6g+3EYhhRK9beNKn9YYB9fT0+3rtVGJhR/wCI0MwNVCYIhWqZ7vETKjss2sFwoAJCcgfW1/bhf4iRQn/V+zpmNREBRvxU/wBXzJ6uB/lo/wA1jvT4K9gY3J4zL1G5OtMlmaGPdmwayqhixtZRSKYqufFtNT1/8Fr0hhA8iKUkcWZGurKptr14AQw1Q8NPz9fl/l6daIXI1EgMTxOONePX0ivhx85fj983+tsb2D0rvfFZGpajp59x7FqsriG3zsyWWWWnEG5sBQ11ZUY5aieBvA9tE0ZVgVJKgwKoy+JEax0/Z8j0UyRlGZSOHRxSfwPV/rcqP9dvp/tr+2x69Ndet/h/vI921H163Xro/wBPyPoT79xyB175jrEyBufz7sDTHVgeo5Fj7cBr1brEwNz/AE/1v9t7fBBHXq/t6wutx/j+Pd+toaHrEQR9QffunAa5HXG3vYPXqdY2X+n+2/4p7tUcetfI9YtP9R731rPXfvfWuuvfuvdcWFx791senWH37rXXDRz9f+K+/fPr2ev/0N+Xj/ff778+3/t6t1yC/wBf9t/xX3UnrVfIdZQh/PHutetdcwLcf7z/AF91J69137117rsKT9B7917rvQ39P99/sPfuvdcwoH+Pv3XuudgffuvddAW/3v37r3Xfv3Xuve/de697917r3v3Xuq9fnx/MH6o+DnXWez26Kuiym9kwcVbtrac1dHQRV+RydaMVg4srkWbTiaCprfJI0jWkeCmnMKyvGyhXDCmgzzGkY4fPpyNC5oBU9fN//mG/zJu9/mt2ZXbm7Yz65TbmHq3xm3MJh0yOP2VhvBrqknwGIyFSfs56qinUS1PjWslg0CZizEktvLx5SFVQIRwHr0dxRRQglTV8Z9Pl1UDktwy5bIM5DtJ5vIjMXkjWQkImiIFfuKgK4VLgRqbCxtyiA1VLYP8Aq4dNNL3AA5H+En/V9nSWyeUgx7O/mMjR+USTqgdPuVVmlgovJZXSnFg8xBJkJ0jge7R1Br8j0luHUaVBJPr8/T/ZPSMxySVEUtQTomrnkuZODDCI/NOSeLtI5VT/AFAt9Le7mjSCpr8/t6SqCRSvH/V/sdZMvXRTzUdDHDIMdFS0zV1QwCa66KKx0mUaGigQlV/2pyfyPb9Ai0xX/J1pmGoYNKdZFnNTCKSCGOKnkKrSxxansxDySNNKbyvNIgW5NkFrKBe3tkDtJr9g/On+DrYritaZ/wBX5dZK6ZhFR0USqIqSKA1ilw3nllieUy6lNhpEqpa910AcE87kw2n1z/PqwLPpAXA/4odQkldZpoEQItQ/iMjlS8iRKpSRntaNeW9IFr3uT+KMRRafEM/n1tTxFBQ9ZpKKp+x84KLTQuYiVdSaieayw06RhtemYLqLcBLc/gH1CVYt5EflXj1ojWAEGaV/Z1iiSda5HRQ0a3Z0BAMd4i0hLm1wZkIBH0HvzZ40pT+X+x1pSQ9U4HpY0EtFjWjlrKOmqGp4nmNNN9woWcMTTidVcpB5DeymNvQASASPe1ZRp1ipz9vyr06zFJAdVMD8vXpvqN25PIeNQ8fjdqiPxDRJTQwTSh6kUsZJWH0DSzC00rixNhb24SEqKfOn+b/D1RSZSS7Z/wAH+rh0wyZbI1LuoqnooQDCopQsMiwAKqKixhVQXFtZ5N/r78pZEXPn/n6rXUzFz1KSLTSR0sLSyU8kMgqV8CmnszRsYVcSpPVZBxHewUBR9W/p6Fe0lj5cP9X29eaoAFaj16g1USRakjxniEckVqZPuYZCzk3lqJ5GY+QFblhYrxYe7VxlOJ/1f8X1Q0rjy6mUcUkQhhYyBgtTOFMjyJE0snlmUO1yeH5P5vz9PejUgrUVp9vn/qz15a1X06huzpOUby+IlysMEkgaMpqJmjLn9LOAp06SLgjj2wVUU9D/AC6uGdagGg4n9n+bp5p/BWimhoamqqqqRG10mR8STxvqJVMbXrLaqQgX0yGMgggEj3pkNQAM+vr6dOq4GKnSBw8/yPS8w2cyGPFNipUnU1TGhjlrIpPFGXdWeOnqGkhCuxYHQ6qwBurH83CaKjjXBr1dJpKqdWfUDpQTZrN0U74vLUGJq6cs6Cp8tE2RjVVZWiiqftHmjkUx/omTyLwDb6+7BSNQZAP9XDHTrStnU+oEV/2a+vUuHCz5CjkloMvTLUQMkstHU1MtPLDBZZEaYSgQVCaDwY2Y+n6e2XQqaVx09EDKraW7uNP8lPX0+zqwH+Xv8yezvhl8k+ve4tg5CsjrsLkBQ5rE0petxW5dt1kf22YxWUo0DRTwVNK7aBLGWhkCyoNSg+3beXwZVIypNDTzHp094ZuFMUw0tTHyoONevqEfCv5s9VfNnp3EdpddzSw1UyrRbl28yGes21m0TXLja4Uz1BpZZogJ4EmKvJA6uLi9jkoGUSxtqh/1YPRNNC8TlH4jo5lwAOb8fg3J/wBgCT7ZoT5dMdctJI96611wYf4f1/2B92GfPPWx1iZQeD/X/efdg1Org9YGUr9fp7dVurcesZVT9R7cDEde6xyILXHH9f8Aivu6sTjrYNDjqKRY2936dHXE+7A9VIr5dYm+vvY68DjrH731Xr3vfXuve/de64Mt+R791vjjrHb37r1P29f/0d+tVv8A4D/ffT24evfb1kAA+n+391J69137r17rkEJ/wHv3XuuYQA3JvY+/de65+/de697917r3v3Xuve/de697917r3v3Xuve/de697917orvy0+VvX/xG6syPYu9KXObhr/FWjbextn0KZfeG6J8dRy5HKS43GtLEsOIwGLgkrMnkJ2josdSRmSZwNIZ+CHxWNQdAyaf4OrKpYgDr5e/8w7+YX2R84O8t7dp7o+7xuIy+V+42d1/TZGao29szGGGDB00tRUVTVdRmcxlMNj6b/KkamSMyMlPAkZPkRXt54x0BSEXAHkM/zr/l6ObeEQ93maZ/l+XVU+7cxJB5aaCoSao5arliRRTxSSepoKYs0nldVQ6nJJZrEkgD2XLlsnHVrh1jQRKO8cT/AJvs6SeFMyxVFY+mVpFFMGd9DLJUG6mnsdfoW/qFtJb+tvb66iz0GAOkUZ06T8yDWg+z8/n0k8q0NS0Mnmmq4jUTQRzBfFAxW8Kx0wcMbRAqFJt6RrYXIHt0LQZPaAP9X+rz6TyMGOfU9SJWekpaCOArDXVhjKqgBlggK3hjJYs2up0mRm/VpKf6r3UERqcnP+DrRzRKZpw+fUR6KSpr1oo5FqMnU+Soq5p51WixkMSa55Kiod3Cw00cZklciyjSti1gdhdSE6jjy9etABmA/aeudbDS0MEsWMeeqbzxQLVSAx/d1DodU0ELXmgpAFOjV62BBIW/upoe4DyyPn6dWJA1UOT+fHpvqVWCUpAEnRUtVyxltCMqaqiABS4PrbluQLAC5ufbhIGgV7vn1RSRWmPXruvMoCmNCZgsrudFvS7gxQi3qZrkufy1hb23io8zX8ut1oAD/qr5dKKolbFUMk/jgSsnoZIaWkieOo+2jJpoqmpqFVjF55H1aAb6NPpu12Dj0GMcf+LPz/2OrDtzWjUP+DrLtyIYykkyLeOfI/bmOljcI7UVZKP2zAkjGOaelgjMzsw0w+j8mwox1NqqKBf8n+o9XXTGAzjv6Y6maV6VfCXlpzWSmWsYAtUTCMSzSPK9wKdUn0opvqUFj6ibNsBgsc0/OvVWYsAeFSc9RavwoY5oEQKzyqhjZliaOBAtlZAfXIwN9QW7Xt9L+9kagxYnqpwgKjjx/wBX+rPXqZUdYBMkaOwsBqRjMhIbTKvDxBlNgSAPz+PemBUAkmn+odaXvIB49KCkxlVOk8qyQpIhlaGAVCoHIB/eWn0EySx6rC/Fxe9vftVT8VB/s+XTwioK4qcfLhxPXF6WWidEjmqXqXkE2pmazsqFUMTGTQ6vGSrFSwUfX8+3GYgqQ9cV/n01poBQHVX/AGem9q9VnMMhaWcyOJAniv600GMrHGxZlUCxHBv+b2Gjihrgef58adVGkGvH5dOCxK6WMbpUMoiHnYK/hdVJUq3ETtYhm9Jt/j7bY0Bz2nP59OKucjuHkfPppZ0o5I4JKZaqOOrlhmZlanmikILGOSRP+UqCPkFlKuDY6h9PDLDyP+r/AIvr3wBh5EjPSnjZIojJDXvksbOsS10FdLJE0NS6l4GmgElxMiKVWZSQR6Swvw7WlDU0+X+b+fXgq18qf7HWeiyFQ0kqRtI/2gelekqZhLNSU+oNGkVWY43mjRnBjlUiSK4vwbnbJINbMSRjqyFX4YPz6fv4tHkVmE0rUlXFHqE3MVRWKgKGKSUSLG9ZHp9D6gZRx9QB7ZbuUZzTp/VocsWIOK/tp5efSm2VuSXGZGnkyT1K1zmGXH5SlXxGSFGZtNZAI2SpLhAP0eQkMpuTf3SlQacelFvMRKqTMT6Hzzwr/s9Xe/ytP5h2+fgL8icXvrbs394evd1mhxPZvXdXmoI6PObbqqqN6nKbaaKGGCk3LQLIZqMPGSzL4yuksPa60ufBdYtIKNgiv8+lNzB46MVfuGRXgR6V+fX0y+me5tnd59c7V7L2JVS5Tbe7cRRZnG1emOP/ACashSRY6nTK8cVXASY5UUsqzIy3uCAZSw6SGQgoeHRA8ZRiOhbAZrFiLcEKDcf67Gwuf9bj/X9pifTpvrzrxf8A2/8Aj72D17rAR/xr/C/twZ+3rf8Ah6xsurg/X/ffT3YGnVgesLIV5+o93Br1YHrh/h7uDTr3WB4rjg/1/wBh7dDg9bDEU9OoxBH+t/X3fpwEHgc9YXH5HuwPWiPLrgq392r1qnmeuTLbke/V69x64W9769Q9de/da6x29f8Ah/vv949+635V6//S38Pfqnr3XYBJ9+691lCgf4n37r3XL37r3Xvfuvde9+691737r3Xvfuvde9+691737r3Xvfuvde9+691Hq6mKjpp6qa/jp4pJnCgF2WNS5VASoZyBwLi592VS7Ko4k9e60KP+FCX8yGj3Z2Duz4xdabmR8rTR0uL7t3VhK7JU74TCQVlXUY7pDCSS0+OnrKDIU0lNXbgMQenqqyZoH8kaqI37+6W0h+igP6hHcf8AV5n+Q6NrOyDL4kxGj/Dx/wBj+fWn5uGu+6nFPjYpJKuWeOkpKCMM1NBWzhv8pqWZtVTX01MQ5LBUh8g4BB9kIGrVX4v8PSmSVQFCA6v5D/V/LoJsyq0cQOrzh5pYFkle2sU9vPOwDMViHJW9ifr+PdghqBT/AFcOi+YjSGBrnH+z/q9OvVM1QtLJEyiN5FHlWki0yukllhhpA1hCzoCZH9KIrn/WKoKwJQ0BOcdMlgVUkVpj/VT+fTNF9vW10azuqUWOiSoEEJYxGIH7lKanLcMalrh3NmY8n8e6VWlDWgx8uPVKENqPDj+3PTXkKqo+8kWO/wB3K4qGkR9KRCRVUwwsOVSBFAAHLHj6ce6vXU1afKnXiQDSlD59OEYXT4IY3SlTVFWysFeesqouZIgzlkangmJtfhpNTkcKFvpU5LYx58fn1sNQU8um0Vzy5CalkeQmUFJFURiSEq5/ZEyLcyTMoVj9AG59+LaFqANXVKknHHqSZIZKh4YY0WAhgqof84wCa0Lm7vHLG5AvYtYta596LkhSKAj/AFf5OvAAtTJBP59c3t9wlShLp4ijobhWRCulTYhhaxBI54+o96/AeFT1dyvFK6R1wQx/evUVXldAJQgDczTOpUH9S6IljcFfwAv0PAO6dw1EHFKf6uHXq1PHPWaRlmpgi28AqKmWIvqQiJqdYWWwOpJGVDqK3Zueeb+7+Xw0zn518v8AB1U5LEDHTcsb1VNA7u2imRtETOXDKpRdCJewWSEG59Khvz+PacLrqa5p+fW6AUL1p1PmjhnnNFjqcLTOGLvMwmKPVGaSJomcKAsQexZhq5ve4Hu7fFWPBHr1ZBUMgOCP59RocdO0VRPTvT1dPSqkdRH93TRVWpjcSQ09RIlUVV2F/GrgE2497o7VamfT5Z618NaPUV+z/D0p8JUU9PDMTBPV1Mfi8EcswiiWXWtg0Mgkep8q8CNChJa4vYj3pApBDLR6Y/zU9enNWioBqleH+UdONfCMhPE1PJDHWyqJZqONI6urpfIhkCRiGplp2dkXVGjRwysPRZn49ueGBpLKKU8v9n/B1VmLHUpNK/LpHSVT1NdM1PoqqoSm7xQinpoljDR+RFplpFlaxOsaC5ccj8+/fMr3cB0zwo1eslXMp8LUcImlgVKaKDWdb6LMZ9AZllmlmYuSNVvoOB7behdQF/1Dq1TQetTX/iuslKGYFnMdXUePRJ56hIJtIZUVJWeQQO1MG+tzc/p449101KqDgivVwadxPcP5j0650kiRZCaTmSKVVjniDXWWJV/dZW/zbK4S5HP45/Pu4r8q/wCH/Vx62QoLDNf9XHqJVNPQ15q8fMWdbCmjFnHi4CxyCxjaaONQrIeCBb6ce7hwyN3UavTYUkVpnpVOXrqY1sASOopylPV06oCjq/jdZ40chNBYG/Po+oNr2ToaE4qP9XDpS411KcR6enr1lmmWShDQ6o6iAxuG9X+TOzSWdlL65aOoWMMShNrBhb6HfEqTTjj5HrdQVahOunH7R/qP7ehT2bvD7qmp6cPVpkqE3eknKOiPrV/JQ1UTJJLC7qJFVlBB5FzazUoAYEHHl0aWE9UaMnuA8/T5dbZ//Cf7+bPH0N2c/wAcu+dwyw9N9oTmo2pm62oJx+wt8CEiolkeWc1NPg88kKpURxRyCKrPnbShYg22+6Moa2mbjwPofP8Ab0zuVvqfx4waHiP8o/y9b/GOrKXJUNNkKCpSro6yJJ6eojdJIpo2HDpIlwdX9b/X25KpR2RxkdEZFD1NPIP+I90GD1rrCQRx7cHXuuBH4/2I/wCKe7VqK9b64EX4PvwNMjrYPUZhYke3gajq/XXuwPXuo8i2vYfUcf77+vt5TUdbBoRnHUYj3YdOnPXEC3u/29UyeuyOPegTw62cZ6wc+7dbr+zroi3vfVSKdcbc3/339PfuvVxTr//T39An9f8Abe/de6yWA+nv3Xuve/de697917r3v3Xuve/de697917r3v3Xuve/de697917r3v3Xuve/de6rB/myfMLb/xL+Hnde5abe+O2z2VPsLI0+xIJK5qTIPncolRR4dKNoIJ6ha/JTQzJSKml2eJ31JFDNLErtgIxJcyU0IDSv8VMdORLrkVQK5HXyjN77mkymUnz2Vq63K7jzuVrcjk8nNUyVVTlcxWztUZCqkllZ5ZPDU1JVWLKWYMWIOoeyIsWrIaliePR/I4CeECP9j0/1fLoMcvWz0ckf8PgFO+h4TOCVRZ5hpkWnYqglebkhgoBClvoLm1KyHSO0DpC76Qp/ETw/wAPQYbgjpw+MpWc+KqR53VNTytoljK00zNctJOp9Z/AJH1B92RVBDMcAeX29I5qVArj/VjrFlWnmeClEjl5ZESRVujylUIWIopuiiK4APFyPyPewWJcBqEn/UOtUHaCMU+zrtaL7Kmqqt6iJPuI9TRqOPUABENQuG8cTM1rWGkX5t7uFIAIJpX/AA+fVCBSnnX/AAeXSZxkcuQr3jR2aFLzvUSNqWmo4vWaqoPFk/N/r+OSfdCmcPQiv+r+fWhkn16UEMyuNcYK01PSTzU0TqQzyEsj1M5N/wB6R9PHOknT9F5s4FNBaq8fn9v+Hq6g1BVa06YYvuIZ6ypgQeWdXqArgFgkpCTqjfVNcpKm31A90DDzpWgHVQDWoGepzaIVNTGJJZVBmKJpCANbUdR5ZUdvwLDmx92IAUKTnAH+CvW1wwann04FdaOIiPOj6lVANGiVLgqF+t9Y4/Iv7oKHSlSKGn+r8+tlTxHqeusg3hhREaKStkcRTNbWsQeDTH4gg0qyyJYtaxK8X4JsQuvBJav+z1UmnDrhHTyNRwUyxpUzpoVqhWIiVVEkkjOX02p5FnJdjYXQD8H3qpaq1xWv5V6s4FK8acesBiglgCxzExaz5p0dioS5UtGWsyKkoCKQNQU3t+felNSAHz/k6rxpxp1k86FUhpVVYklQwvwrSlRI8rzf0AC3sTZLAHn3Z3K/D8PD59bJydINem5qaN5qqankP2lGnnkmmt5ahp5SFhghJ1cl1FwOLEkg2HuzCtV19o4Z/OvVR8R9enyNMizNLRStA6qhdIipq3p59No4pBZdTMuhlDK5J/TY+2lYirasH9vVlyR506jOaSWaGGFTT1QWl+4nhRopjPIFdhLCoEUskLLbyJpI5uCRf3ftLR8fl+XW6HuYLw/y9Ta6odJYqakkWskkkQV1YgikkqpJvUWQgvzIL6mIZjckm4uLksC1W9T6+fWiRgBTWvn/AKvXplMLQR1cquj1IlhLpCQyLEyzwyjyI2lm1qVYXsD/ALxQJVl1HJOf+L60K0pTj16AJDEVkQPLJIFgdb3lgZQ/rP506iFtybHn3UEkgeYGPlTy62B2Ek0b0+XTrS2dminTQrSx+NoRZ/E1jHICbs4RmtpJuQLXBHvTtkafIfz6cjCkEMpLV/l1nUQx1EiOBJCkul3iRXZfU15UuqvqjSNvx6QP9f3ZAHBrwFfzH+fh1o0DFhxr+z/V/g6niOfCVzxwkVcM0PkWUFfE6TOpiduCPtiHsxPAPF+R7s36ZRkOKf4evDUPF004Vr8q9OVDJG0s9HCiKkvMUDnyxB5Gv44pZGVo5ELWAA0hgVtZlPvy8QwHdxH+X/V59eUkNTyP7OsONM9LUQVMLaKikl8UqBwZPtCxER1C/NPKNJvyvF/bMi0OT0/ExU4FCpP7P9X7eh8we4pJY41p6gR+Ew1U8qehhUgh6erpggEq+Jl0syFTrGoW49sZGR69HsbLNHTV3ef7cHre3/4Tofzbj2ft+m+FfyB3NUN2Ht2mranqreW48xPWjf8Ag4J4tW2Rk6x5RHujbdNLdI5ZA1dRKCn7sLBzy0mF5EIXat0laE/iXjQ/MdEl9amN9agaTxp5H0/PiP2dbeusAeq68X5Hp/2DC62/2PutOi3rsMr3sQwH9Pxf3upHHr3WNlsf8Pwf+I93Bp17rG3++P8Avv6e7Y8utjqMyHkk3vf24G6vXrH7v1brG6k2I/3r/ffX26pAx1rga+XUVwb/AOw9udOKajj1w97HHq3XV/e69VJPDrr3vrXWFvr72OvHy669761nh1//1N/j37r3Xvfuvde9+691737r3Xvfuvde9+691737r3Xvfuvde9+691737r3XvfuvdJLfm+Ns9abN3Jv3eeWocFtbaeJqsznMvkqmKjoaChpE1ST1NVOyQwRaiBqYhRfn25FGZZFjHEnr3Xyvf5v38xWb5zfJDf8AuDb2dyb7Apdz5TE7bo5qf7TGS7V27J/Ddq5oA1DVEuXytJ5pfA8aR0NK8aAyTyVEppeTpJpt4QQin/B5/aTk/LpfDqjUqTin7CaV/OnVS61uM+1NCtNoligiNdkvR5IKfj7fDYtW4iqaimUS1MhGt2k8QCgyMyWJaJp054kny+zq8rUcZFB0GGZq6iaroGSRyXapEIlcBKeMNrnqJBptdI3Man6WS/1Pug1lmaoIr+Xp01IVISh7q+Z6TeSqTLUpWmNAlNBEkTIUbSZGjSomkcmxZDIU4v6yPra/vZBytSW049D9n2dM6uBoNPXOFFaWOqkCBZFdXkJN1jAQzSkAc6kslyNXLAc+6RUqdRNQc9bLd2ryp+XTDXytWZCpkvI9FHSOY1OlWiM7APJIFOlJpnc2/wALAcD3eStQ3zP7B03kHPHqbDfGbaFPBCv3mdqlnqf+O1RjqeSBqKhcAh46WWRFbQOHAUkn6DzECpC0ZvLz69wBrxI64aGgx1TCLO0EwpXm1BmlqDK01UoI4MaO34/Lf0A96djqQNSnn+XVgO1zXOP59NQqVMDFtRlW0QAUaHiJ8v78n1IjY8oltR+pHvy6qOBXP+Xr2r4SRVgOpVUsa1lU9ItTFRzvElHBUzx1NX4n0mMSTwU9LCQvjsW8cYN+F+vvdSWIC1HCn29aBGfJunClhaNY5WBMRRI9SN6DAWZRIrg6r2/2y/X3QRkuFaoA6uGNFyP9X/F9ek5ktEhaWs8cIeUaIYVCsySHxhxNK4ufTfxji3Fx4AAhGWr1607AkMG8qfZ1LqqCaNaqEsKSNFjnaSZSFmV41jpokWMMNOvU2g8gA/pt7c8PigNAOP2mnWq1rk5/4rpNeZmlp6Sk1R0Mc7TweU280zFfJU1moXdpkUWUghEAA/N2jRHUemD5dUJ4Zx0/TLRTUyy+KSGBaYEIsaoWcPcowU64gVlBck+pdIHqvpdZgWX+EZ/Pjjq3BfOvUKshMUlJHB6pZxS1FaQCumikh/yWFdLFU1i7sqfpDICSbn3pwFUGgLnP29eBGqo4E9d0EKTvTxOaiGWtSshZo2BQMP8AKYWkjSxl0zAgg2IGm30N2qLRRq+fzP2fLranII4nj04xapaaXH18VFUV8kKxU9d5zTVMUSuSrNMuhJ0l0geoEn8n8e9ltODQ14H8+tgVB8j1Np6NgiRitokk4MymSOQ6tQOlTAs50sy3BP6T9dJuPd3TLUYV60PL04dM8NPCmRmhVFkRzHUxuXuhBCNIiq4XSHaMNZgwJX+h91WtVINFqB+YPXmXucK2B1lnxqB5ljfyRRuPGJlKMlOJIyRrFwtTQtPZyNV4gWAtx7vQA1FCv+D8vXqy0IoeuqKbUkUrRn92YwRySAgKpZJEiewCalkIN7/T/H22wNHzgefz62tdakfCT+z/AFVx0q5cVD40yWODRVN0StoalNQpmmGgyRSyLpkpdX0dhbTLz+lvdwVCUSur5/4ertEQNQGKfs+3qEYJoREkkZX7eCdUWZL2piYzJTOpsXSFHUgWBsf8DbRH7cf5OqsWoT+Eg0r8v9WOsMMreVWpwKaQa5YXDKBBV+hKbTMxDR6wl1Dc3Xn8+7oCDggCv7D03nj506dsjUy5gSZgU8cVUHNPlWpUWnRqmQqYqqWKOypFWlQG44muOAwHurnxEJ/hOfn6Hp0VqGBOeP8AsdKPble1PNA15Q0NNJI6lbh42llEpRbWZoiASLi4A/p7S6fJv9X+r+fRhCSklV+MDz9D0YjB1uXwGXxG+Ni5/LbM3lhqunzGJye3cjWYvIUlTQaWpa+GWiZJ6SpExvG9yAxt+Re4DIV0PQ1BHy6MmRLgGXT30I+0fP1p/h6+k7/Ih/mZT/Pj4xNtfs/L0k/yL6JTGba7BbU8VTvHb1RTv/dbf4ppWaVZslDTPTVpBK/e07vZRIFBojm5jMwA1g0anr5H8/8AD0G7q3aCUr+Aio+z/YOP2dXqghhcEHm3BBFx/iPfuHSbrv34GnXusTrb/W/3r3cHr3WFh9f+I/3v3cfLrYPUVkK/634Pt1Wr9vTgNeuPu1fn1v8ALrgyA/6/+8e3FfrXURkIP09uV9OnAwPXD/X97r1br3vdeHXusbJc3HvYb16qR1j0n6e7V61Tr//V3+Pfuvde9+691737r3Xvfuvde9+691737r3Xvfuvde9+691737r3Xvfuvde9+691qdf8KovmrD1d8adr/EnBZWvxe6+96hd0ZsUzVlNHU7A2hk4Y3oqippamIPBuDcZSHxzo1M0FHOzkt4h7ecrHavRqSyYB9AKE/t6UW61YvSoXP+br52TzM2WgFU5jp5J/LLK7OEqTINYZQxV3VkU+pbjQp9l1C3aagD/V+f2dOBjqUk1NT+f/ABXXcldNU5j7CGWKKZrV1THKXWkoqmrIqGdibiOWmg0mVgGcCMhRwLORkNQj/L+X8uqtrOoMcVqfz6RVfWeZZdDSlqozmOWa9jT/ALcaNGGJ0x2Gr+rMT/Qe2wAoFc8D/h6qaMa8Mn/Y6aamUypFRU0RWlkenhgjbh5IqYWErMedS1ReZyDbyOfqF4sX1LkUqMev7Pn1RgAF9aZ6k1itBHFrSUXHjcsNLSAs3rRSNLKFXUf8f95aMZAOkGtP9X+x14E4HUegofu8pTUsd3SSWOR4fUrVESmyxlQp0qLSXJuFRGa/u6qCq6mNa9eNS4K9ZsvK6ZbxoNTLF4gy6h4fOXCsgNgpi0em30t/h7bdgAGHxeXTkgrKRpzw/wBVOok6hcVRKC6uUnVB/Zep1fcyva+mTSXRNV/0r7sGBaOoqM/z6oAQBXz8vz6aahvGsTRxeuSSSYEWtZkVUVlBGk6mAB/qPdT8JJajV/b6dayaAdPUNJHV0+Omk+6jEk8qyJSu33RgiSjiRIy7NGzSySWJa4RQXtxYvqApJrx69UkLXy6EWpqNuUj0VDS0pjkpsiq1sdO8ktPFQKhp6iPzTO0sryfcL5JDoXUxJXUOHKqSBp7h/q/l16nxMek/WwxUK5GGlcVCM0ePoYqcgoBJQwlamKR5BpqDHBURXAOpCfrdfbTDLOnxA/zPV3qukMag9ca+PK5qmkjxxSatieklrYGeVamY0ULxArI7A6o2kZmWxFxf3T9RwaU1Y8+tdugEHPp0iJXkMojlp5KaSJnhlOlVjZVILJIy2QyoT9eDY8+2jWq61IPTYFSA3T9Tsk0EVOlOXmepklqn1L431LHDCnDMuhIwTf6EtyePdqqV017q8fz4dPKxU1PGn5fLpQU1DHFVUtRNF9sU82iGORVlEehnVZ6eT/KVQRN+Q4I+htpuoACUFMAfs6pRSBx1V/1fZ1CEEqzwwi8fjiaPSDIWAEck1Q8VUkKBdQUsS3oUJb6n23pCkr6ZH+x8uroTqDH7D/q9estfjNbU1TTskxjVKp4Fkk8snmHljEcTk3la5ZouSEKtaxv7aAGkFuIx/m6uyjWvhjNMV9ePU6twzQNIKRVWpokWvlpZQ4Y0t1mSOMNoLVC3IkRwG0/61/b2jTUUAan+Hy/z9Ng4XBwfy6iUNF95SPKGVa3HS0bTI4jAFPObRyySN60pfuYyjMt/GxRiNJb3VKOW81of+L/z9bppK+tf8PT/AJDFU1TiBm446hIHZzV0y0jPPR5nGwzU1fTROhfVjZoZxrYkMFCnSTb28BrUmhB8/tHXiAtWpVekXS008lM7VETfuvTvS0ysy6XYykyROxIAYRkeoHVcD/EJ30rqB4UpT+dft68us99MDPy/1cP5dCnt6ekOLpJMlAMo9HGaWqieIit+0lBkWVYlLCc0xkYvCxIkhLMjegj2+NMgqyj5dOoSAGK1IOf+K6k5/DU6wxVFI7zUjOIaKdvUKaNlLLDUSBy5VEqfF9SPFL9Rp90xwBoCB/h4dXdF/tACR554V9B0HMEIWrSKqKftSQQ1BQKSIneZI2BcIk0kMZA5seFBP9Kj4kDigz/kp0nBproe7/JTpyiiqsak11VpJDLT1sdzaoVpGWMsoa4VzCbarlXUMDx7oxKs6jjUDp8cEY+dSaef+rhjoWNm42Gsx7zCKZqnDClqsgbx+ebC10iRVE1NE12mmjkZS1ibAEkfW70UYkTzqM18+lAIQ9vEj7el1NWjBvHSs0kSWgR1VI1ZykbRSPPIWdBT1UcYsV9KsQLFSpHpoxoIBocf6vl0tgcoyCla1r/n6tw/k9/MzHfDb5e7R3/mMw1B15uzG1m0d6TLVPifsoatlmoXzRhmSgytFi8nEhZpQ/hilaRQWUe62E/0tzol/sXBUn0+f5HpTe2yXFt+mwMwFQP8I/wHr6eOy94YDfm1sDu/a9fFk8DuLE0OYxddD/mqiiyFPHU00iN+h9Ucg5UkH6jj2YSxtGxBH2efQSKlTQjpU+2utdePIt7sD17rAR+P99/h7uDTr3WNh/sf6/630/2/uwPmOtgkZ6wtEPqv+29uB/I9Xr1hIsbH3Ydb66Nj9fd9XXuo8qC/HHt1TUdbDUrXh1i0H/W/1vdh1vWKYyeuJFj791cGo64W5v8A8U/3u1/dtXWqHh1//9bf49+691737r3Xvfuvde9+691737r3Xvfuvde9+691737r3Xvfuvde9+6910f9e3I/3k/T/Y+/de6+dR/wrcyWVk+d3UOOmlpZKLFfG3BVGNgp6mKoqZp63e+8P4nPkKeEiagMsiQR00LC0kSaxwxu5dANFaioppbH2n/Vn16eiJWrL8VR9nnx61T6OnakmrNyVKpVRY6OSkxkQCzwtk0hjgMsosYmghZ2LAX1MLCwUn2mIFKheH8z5dPLxeU+RP7emvbqQRTZerrA9Ua6jlhWpku8gyFcjpLMHjkuy+FnRfqCJCxAJA97FQGHE1/ZX/J0zWtT5dR6/Bl5U1P5JGgVmdYykVMJWXUulQI7QB1JF9I1j8e6NHgkHPn/AKv2/t6sCGGnPWDbFG0deauWmgmWWFoaKKZI28n3f7USReQeJJFgXzf64vfg+/RCoyPKn29aJCtXj017jcQVRjSUVEtFTgVUZkWenSpYm8MRiJikWCCGKMuL69BP9oe9SNRlVTWp/Z/xXWgCqkg0/wBnpv2xR17ZDIVis8kmLxgCMLlnmr5oMbTUqEFQNU9YoJHOgm4sT7pGSxxkAnrQUgkH06b6+oR8nWfc8faP9mrRsTEftfJSiXWwuDO8bNq+hDFvbLDS9GyB/np/h49X1BnegoTSn7ePr1gqpmcUUauJFglDaB+hSWJlZQCQCT9RbkAX97BrVq0oOvMRVe7PnjqQKNC1FGiM6lhI7IA+jxyHUjkmyq6p9D9Tb/W96JBWv4v8HVkRgwFMGtPs6fCpo7GmUwxCSVaVNRMkckyJHHLLdf8AdOnUo4uwBN7e76sBwo86fI/6v59aoFYqSaf6sdRcNUQRrjlnU08lTW5vF1dYdZbxz0+P+2MpLesQvqvcW0sSbm1nK1AJWgNRX7R1oAV0jND+2n+fqTVtEPs/AV8cE5jmiIUiGpoa9vVYnUFcRlQzWuhI+nupKg0B7Kj8utFWZdTcRX+Q4dMxr51qJvLJ5WmkkllckMJS7lmidbnyFXuF/tLYf4X1IQrMQM/Z69WWlcGvDrNV1T5SOOOoqq2ogiVxGZ1epmSWxQgS2FS6niyyE6fwfeg6kx68Efs68Yy2plz/AIemzHhYqhAZ6mRAAksKs9HVr5PSRE76gQVH5up/PvyaA+B2n/V+zpo1pQ4oel+mSmemElNNVVcNOISyZOGOCuXSQLCRTVAimZeXWcALaye1TLUHTxHW1ND5dOmNpcXXz5OevrK2kbI0GhpZqmGpq6UwyRTSxvHZ701XpMB9UNopT+fdQqkktxp1eoFaefTLBLoJ1BWq5a2UUhZkCUQqIRSLJBHKxSMxmnTx6rFdPPtioAYUzXH7ePVhQFHNaefT2lHLVUnkieU1VRLTM1TI0qTVVUJ1oJASfWXheYv9CTZ3/t2CkKT2nifT7eqGgNQDTpw27ipoczTTI9KIs3jq3HyxVCloJGcieGMsYzC33EkV4xxqPAvYkNpH3Up204fI/wCHp0HKkEaiOPz/ANXn0J2Fp9NLuPCQiOEwx09RJKIC7DxRx0+QhBAeKeRaNlnVSXEiU7A3sQVABBZQKfP162KHUtcUx8ugtkxc0GSixOWgMlRV1/28rRQ6JYxFTzimqIWKpI8LyyRyhWAYxC/+HtsrV3JXy/wefVANGgfP8v8AVw6Xr4Wqxa4vJBadZ6+Cnoa5SjJBTVVKyrRspZRru8q+ReGAZvwbe3dOmjE4p/xX8sdeCtqw1B1n/hS1dJLJjzqpjTvJURQxRCemli1PPTyfnVSzmWMsQWGlVsOfejGPDoDVenPE1PUGhI/wcemHcG3IKrE1dVSU8aVEa0dTPPTRspYWkkhkjprsCjmYBmS2oi7XJJ9tyxnTrX7fnT/L15RVWqMEen+r9nSYpKFliWYHyVMf3UVTHclf2TBkYmYsCw8tPKVjI9Ou31+nuhBrU5OK/s68ihgM8CR/l6Xm2KuTGy1U8JLRxJJWRnhXNIWjkqMfJErMJqeZVBCkcPdV/I92tQNB+efs6cZtLmpqP9X+D/D0JVZSY/dG258tt5hLlaZ6mqEMZjmWOgXxGTGZKibVL4oVdBG0dms11+mkqHCujALUny/wjq6nVR4zRwTT1/4roH8Vno8fXIZchW4eVZSZpYZqo4v7j/dJlWK1XAuk8vESOLFbX9ljqEVqVKeXy+XT8dwNSlmKyV/1Hr6Kv/CYr5m5Hur4y7s+N+8c8M7ujoLJQ123K6SqnyDVfX27aipegpaatallieHC5qmnhVXqPIsUyKqhVIBhbyma3KmviR0H+18v2ZHSXcYgrrKvwvn5VGD/AJ+toa3/AAb/AGJb/er2Hv3Rb137917riwuP8R7sD5de6wH/AIr/ALf24OB68OuFj/rf6/vfW6nrC6fkf7b24p+fVwesQBP0F/dq0631xYE/64/HtxW691gY2/B49ujrVNWK9cSuof7D/Yc+99bDFceXWK3Nvze3v3Tlflilev/X3+Pfuvde9+691737r3Xvfuvde9+691737r3Xvfuvde9+691737r3XvfuvdNmZydNhMTksxWu8VDiqGryNbJFBJUzR0tFA9TO8VPEryzyiKI6UVSzNYAe7IpdlRfiJp17r5Qn87P5D1XyU+aHYG9smlRDu2vaClyBkrIZafbGEh1x7J2DTUdFEUoJdmbJSjTKBpZpZM1PVsxQ/tq3fMqTCFBUqM/b6fsyfmT0YRR6YQrDu1cc8cV+0DA/Lqpmuq8emAocBBGiSpURVNZMCwmKKlT4aQtd1aR418pC86pFUgW9+r24/wBX5dMlu0Aca5+2vr0zUEwKLQK5NXX5Cjgnuhd6iKNBPUCIqDZYZdEIIt9P9f22n48gZFftp1QgU7ePSu3TTYbF0cmPcza5Y0oamZBYKlLCJpKSGNmdhO58atKbKfIbg6Re0hVF01xw62CTwUUP+T/Z49M2Jgp8lW4vE08UtNSSK9fkJKqSGnhx+KxxWGorJ2AdYpclVKtLTwgM2hi31PuyCirX/iuqnuYEefTRlMKlfVVHgSNoI5qiaKRV0x1cVDDU19fWvLpRWWomj8SfQhUAA59ppFYFs4B8vsr/AJunkRDpB4/4cjP+GnSfxHnpM1JDRuyQxtFLIzajDLkIGjr01CNlM0dMI4Qn19QBA9+VSCunh/lFOqjudmYU/wBnrFFt6TK5DG4qijaYVtQ6QNYAuIIx5ZpDa7KkI1Mf6Mfz7pIupwFGSerxqM14kD/D1E3PhKWDcVRTU5D0dFIceZFCqjNBDp8rsNVjJVRyMxv6R/re/KhB0k/8X1qfSXcoRpGPt6kwUPgMrQh4g1W0EQZx5I40+3KgvdB42vIHJOkqfbT4VsUNadOqpLqa1oP5efWXLY+o/idLTwoZGkmpaWFVbU1Rqpmk8QTRHZ6fwgNcBgQR/r6SrVA6vMBHJHkUqP8AB00Nj5qWppauSJ5IYqgZWSK/DwxylZJEDAWtNGI2/wCDD+vtSqsI11E0rw+zpM3FiB58fkepOSjAzeehjK+Jq+8SxoNBCwEiWyHQrPpAY/ktf3SUVkqooSB1WMcTSv8AxXTRlsbVU/21WjRs1RGHEd9DzeLSnIHJex5bkFhzzce/aaqK/EPz615tp4UGP2ceuFBFBmp1SOf7evCEmmmZYJpXIV10yORTzPb+pDcf7H35FDFSw4/4etamzUkN1lqaOejdWr4zrViixTx+p9RUB46gSBVJIFjrubce7eGVLaqhBnqrHVxOadOktY1bTQjH6qfIUjSwlb1dOJaRwsjSkQuI6mJZCQwf1R6rg6b2fyRUdawRkdKja6fxDRQT0P3D1RQRSwtNDDVeFjI0PkMLcSqskdi2rUyn8Ae6x6XNKfn04hANDQg/5uHWDNY/GQ1LSTrkqWlEcFTSUb0q1cNRHTzSFkgyUMkLNOgKq5lhBBUg2PukoUkUrWv8utjBJp/xfQy0D4ufDGWlCVtVAq5THZAXpaSZJoIoTCoK3evhDpMIyLsVBH0b2qWhXWP29eBDAqck5Hy/1f4em6mxfnaiwiSDwJSNW42bWjRwzQ1s01BUU1SwUhJIqdwdShQD+bi1BXUqAjz8+rKFpRmx1JyaPiMrjK6jdDBkWaHIxM0U2manBDLOkLgq5hGlSSoYNa9ifbxIwwGf9X+brUgZGNPL/V/q+fXHO/wyTLYbJU9RJG8C+KMSGSSoKQ1FdB5hFIquBT6w7/UyIrLcMAB7UGNR15x5n/V/qHWbKV9bWST4yoKz0LUq5sVCRyDV4mnFbNHHEdbK1NE7KrAkFdXJ92JLDT1RSB9lD034uRpM+Zz56eOkyDTywUepaaSF6V2lqIAxQxpk2jRtJBQyyEHgD3pWDSHFKHh+Wf29aYFWqTx9OlbWUy4+Vpo6paiWBTWwUyqqVVRjpWqKfzRQaysseOqPI0g/R4yyGxUe3DGo+2n8v9jq+ssKV6i0eNgocNWpBRyS1jV0kckdW0Yk8FPBVLC9GEjlEksUcqizMjftgHix9tshWtB3V/1Af5OnoWBRgT2j9v8Aq9esVBiaikr6C3kSTIxu+NoK5aZTVeVo2ENPUzEQPKURGhSUgB0Hqtf2yAV0MD2+n+r7PPq5UMx1mn5/PpDZitn2hVVlTh4paJJ5hXJLSyOjUFSXnpZ4JoGCzUcTSMylQzlBZeQL+6uAqsyYNa/6v9XDprV4LdvAjpP024I8sT9940ep/bkeRRNTlXVzrLO0jlo5Bcark/1B49pFlYEhjj55x06Ssmmpya5HV0H8iT5r0Pwi+emyMvvtMlVdcdn0r9VbxFFS1ORlp6XctVRybZz2Kghq6Q1FTjs5S0wsz64oZZCA9tJfspBBc6anQw0/5QTjhX+XVmVmhKmSrA49COHX1RNv5vG5/F0WVxU89RRVtNFVU0lTBUU0rxTRh0Lx1MUMivpPIYXB49r5onjYhgK/LosYFTnp9vf6c+2Otde9+691icf7z7upPHr3WOx/rf26GHCnW69YpPof6/8AGve14/Lqw6wobEg/n/exf3c+R62eGOu5LXBH+xP44+n+8e/DievD59YHTV/xP+t7eVqdb4Go646Db6e76h1qnWHR6r/76/u1cfLr2vFPPr//0N/j37r3Xvfuvde9+691737r3Xvfuvde9+691737r3Xvfuvde9+691737r3RIP5jvf2F+M3ww717dzlLLkYcBtN6alxMUopzmK3K1dNQR4yaoZXSmo6uOd1nkKsFhLeliQpU2tVkM2mqxqWP5DH8+tgamVfUjr5A3bW+clu3eO4N25apauym5c7mM/lahtKn+KZjJV1ZkPEqJGkcIqahzGiqqImlVAUAAsMjO0krisjZ4Zyel050hVUnSDT/AFf5T0FMNYYUhYRrIWgSVWkuw8lZMricAqGDpHFoBH9f8fd0YrHSvAf6v2dJsEmvH/J1inydXRNj/AVhqKOOWho5FUBkSaWWWWplZR+5IzzNp+pCgf0HursyIij4uPCvVlpUk8KY6UVV9vl/tqQVEFJRQRhpampQz108zwtNKuuJEllljjVpZLW8ca2JBAHvysJST+Aefz6dYaFRfM9R6aun+3kmpTHC+TWOJbvKsOIxdF6KCFJG1mV5IjrcsWVfIzryL+9hgRqrinn6D/CemMgkefqOhH2pV4/N1uVx5L/a7d2/T4qlMsZkepaWIz1tb4roRrhpXYKCNHk5AB93XTQChqK5+3p4NqkwMADj0jqei/hkuQIRDUCnkqmhGl3WOuq6WiRYWbVpmdHRASV0kcD8+9FdAOriB/m6bUksrD/V6dLTE/bUW5qio0r5tvbYixuLUMKXTl62iFRJUyCPh6iVqrREFNn9BNh71QeKqngB/h6cWml2AHpT/V+fSdzu346WnoquWPyUeaFTQBgyPMZ2arqZ2sj38lNDIVJAW9jbg+3CvnnP+HqhU0/pVP8Ak6jYjDxV8DzVcUn7dDUQVJi1TSRVcFITLJcXBDmgaUqBwf8AA39lUhoSDkDH+To3hhVkrU6jX9tKj+Q/l0x10dRR5nGSRTKslPmsReq0u5jVJZhPIEX91wlPHcWIJAt+fbsI01+0dI7kZAGTxx8uhR3JgY5ttqI4KZ6qnrMlihKnkEs1HUJFUY6aZtdqcy18cRAZVLM2n6j2ZDMekHIJ/wBR6TvUtVuHA/Lh0HO2Ns1dRl6tmgWYNVZVSrAnUabE1FYgiOkkyaVDDixtybX9sxprc9ueHXlTQ66iKV/Ph0+742zPTrPTSSx2ochksSssMau32tLNFXLIkY5XxS5NGtcMQlvp73Kp4EZB/wAHHqsYBOBU9ATlKZo6yWOaAKy+mGaEcnReOWKRWXx1MC1KOoPDBf7XtPWiAnP8iOm2XTUV4HrNjc1WUjRQTrHUU51RpBKW02ddOkzXWVfFY2JJP4BHHtyOYHSCMf5uqEEAg9OcU1O000sLktDGJvG4jMsUgGqSIyvAgaKQ/SzXI+o593fTkg1P+A8etjJoOHT3tyZJcvSIg0PriqVSKepigl8WoywmDRF41fUVYfoJIsRb3qPRrLJWteHlnPVj2YOMf6v29LrPuMVWY/HVsYNNV1VSqRtqcUSUb/5NKZgGjMlWosb8MikGxA9uSkggUH+r/UOrVypPCv7OmrH5dcRTthkkZFNTFXpM6eOSkCyypQfbKh0T0lK7SCaMgBllINio9+DFewg5yPn9nXsKCa/L/V9vS3mWbMyy5B0CSQ0rKQFtTU66goXzoICsTzoxVhc3ZTbkH3daOdS4HDrxJC/FnpryOfeogdKqJ6aup5oEjlEcU9KyKCsMk/hADIUFibEk3PDAgaaTSRX5HrYqwKuaN/q/4rpmfJyCvly3jQ/a0kWOx8LGdkkVFSKpqWmvJZ4wZWV29Wp1Zv6+/D+L/P8Az6qWKmoGOhMlzkdTiaSpho5qfN43GQYufxLEYsjjMkKmCeomsFfzR09S4cEHUeb3HtxnKLrIIoOroqvoUDPn/q+zpG0da03loylVTVVRjqOCamSJiZIjjwgkptHjlanlinJCIV0adSOfoNK4YVNQ1P8AUeqlclBkVp06U1U0rpT5WSOKqwVXUpTZEO5jFDVuFlppfESzwMKkO7sARqZrNzd1DWgJ4efy61lWII7ulZSK9HUVMNaGhR5YZWd2aRPFFK0cAZryRS08xm0JM5LRXCsSLD3tgEJL/wCfHWxqKtShP+fj0/5SKirVMUTU01PTyU9XRrLIXjcSo8bJPrE4olpaunaOpY63gnRW/RIGHnFDg9vl/q/w9OxsCjKPiHQebreTIRS0mQkxtLUCdZppJ4kArkngHgd5AWlYmxiaQWQkI5B1BgnlBK9pAYH9vWskgPwORn/D8+kM2Cp4olpjC1JJNEDSSuyuGZCDIsboQJvEDdH1aXX0kn8JCFrlRrI8/wAvPpzQ1MkBRwp/h6VO08zlNn5nbm8sBUmmyu1dwYzNQPHLIsUFTj8jTvFUIhYHTHVRo1geASDbT707FSXC0daH+Y/wdWjA0roJIJp+2o/2evsBfy+/kntn5a/E7pbuzCV0dfXbo2Phv7yRSUsNFXUG46KkjocxTVtBEXWm/wAup3aPS0kbRsrKxB4OLkltEqV8JhUf5ekUyMjUbo6TCxt/tv8AW+g9pOmuuvfuvdY5PoP9j/xHu6+Q68OPWOw931H8+vVPXEgH8/8AFP8AAe95Gadbzx6jONLAj/X9uA1FOrjh12/K/wDGuffhxr17zHWL3frfXvdq9e64f2/p+Lf8T7t+H8+tdf/R3+Pfuvde9+691737r3Xvfuvde9+691737r3Xvfuvde9+691737r3XvfuvdU3fz98jj8P/Kh+WNXV01NU1Ndt3Z+Cxgqz+1Fks32DtbF0dTYzwDyUL1Znj5ZRNGjMjhdPt2NwkdzX4fDP88f5erx1Mkag5LDr5Pe7Jo2aqREEIWaSJ4xdlWVZCgQOzM72BvquQSb+0NC1SPhJxT5dPTfFp00I49IiGoUVEUPqeMRUyMFubJH4w7MAACAzHjgX9+bBGaAkD/V69NKDkU4Z6k5+qLVcREcV0GmMQqFjkMgZwoOlb6GkYt/Vjb6e2pQSzLXPVgSvdTFf9X8umSlnnDQRVU5iFcjxw+pyKenndg7Kqcg1Mic/llHPFvewQewf2dMH9nWzkVLVqeldUzuMbLAGR5KsiI6SxEFMsMCRR+m6+SqlsCRwqBUH0PtxFDBSPhp1UkjUM56FXbPjw+ZqKsshpczgI34CIJJZZaPFzFoyrDSET88WJ59voNLBWPbT/VXqxIoT606TdbVSNHBXzKsM2SrbU8xYxS/Y0mSqIFVgAEUCqh1Ai4IW9+PeiNVSf9Wcda1HT+fQgbSoqSnqKRnGuOTNrPmZZnGsU1Kx/wAh1yftFpY0pSxtpAYL/j7sqjUSR+L+XV9RAUDhSvSr3NSQU2DwBhdKzKtlsxlEprKYqWSvpTUOE9BQmOnCto+tjxx9XJMIO4ceHWxRtXbXz/2Ou9l4ehOPycIVJGlakraczNod3UIclTXiCai9BK7gXBdbgf0JJNpGseZ/P/V/s9CO0GqjFceY4fLpHHb7yVeDhnoPLVtVZDJ1MUUiuFp/LLSUsEgFiv7YVkLCzEk/T2rijP6fnUiv2f5+iqbudgRTBA/L/Vjp/wBxolNicjFSLLIlVmKkCWC8gabHZH/IijqtjBFWRl0W19MZseeVYLBGA9SPz6SyqMNTiBivy/1fPpT7fpL5bNSRGOBqLEbzzdIqsNTVcG34aClF1jJHnqMm7qtv83H9fSbvxIBJxpSp+2gPTLlwobjj5f6vLpvhz9JlKzIxmldJMxT1VRPPVUsYmhrTiqnHVlRSorWiimlpF+gIvpJNh7q5DFvn/wAV+3q0VVbIB4fyz/xfRWcvjagnF+SORfLBUSC5ViyyFXdbiwtBOCASbn2UuxI0niD0p8KgRqdrD16T7Y13cxKumVZ0Lk6fRGqu03J0qAFQ35tb36PJHpX9nTEykAdn+o/5a9P+PxDVcMdBTePyZOZGaocg1EcaPCE0m6qkU0Y4W3Cre/PtZp1KY9VWP+DppVFQSO3pQbSlx0OW3E1Y6Rilpfs6WmNlklmnq6eGpenuQZnilmJ0/qGgW/Ht2MrwrQU/y8Oqt3eeehC3JTUea3LjKith/wBxdDTfxPJ+Ntb1dBjIqtqwtKLqZalKZdR5sHQm1/d5AGYaqdXqQAQK0HQMZMiONHgZ2ppEirIQxYPGhhpqhiraeSROsgtwzaj7STFlMYFf9jrQUtU8PPpUbZ3hWUSZBppSJvA9BlaSIKYSvkhC1bQuza6Z0KSkoNK+VlPpA9qEbAPBvy6bBp+zpRinxWXRKuCpl9Mczzy4+nE01Aki+lJ8e0kMtVQTcAurMFt6jcH3ttLUxg9OihzXh11BUxQUtbQkUtZ6NKTrFLFGUK6GSopJhSkOiFTGzMNLKPwR71QoCFOMder508v5ddJVOscBpPupJCx8TU0hRoozHIfEFrYpJFaB7gRByjKb3Jt78zNp0k4P+b/VjrQoGDKD061ECZajWatVfLDSwRRnSaeupKeEHSkAg/cZ1U8D9FuFA+gr3U+LIA8uHyp59KQQyU01J/1f6vLrPR1M9d9xRwVUVXVGg+xjqVVo6yVJCCcdV07mQ1UQ4IL+QFbnWRwLxazVia+XTblGxp7qceHShpajIRQwLSKYokinp6jD5KIPYqvinphLUKD9mdOoqWjMQHpZuG9qNZopAPDh00lVU0OK/wCDqNkS1akyxVGPpMpS08OQqqanrXnkyM9PUhkrIJI3ZGqIqeRY2IJE8calvVcmslHTQD3f5erIzFmIOAP9X+rj0m9wyeHGUdZW0rVKqv2VNNCrxDTHKxlpZ6tTYPTzGNYwygqmkcgEe2W1FKcXH+o9OGgILLg/6v8AV+zqJDn4I8O+Pgp4MpR1Ub1GirjZMjhpqR1aRqOZWRYahEj12AdJEFiLD0JmIMVQvfT9lONOrRuF7QapX/V+ynWLbP3U7VscS/c08tpIYZbu0itKqSCCMgNI0wPqsCQVvz9faTV2t6npXAiM5ANVJ/1enE8evqsfyO8JHQfAfpfIYqCtodv5PE1uS23i8pTwR5Ki2zlK6WtxtJX1cNNSHIzUc808UdToXXEgUg6Q3sTSsn0UAoQCoI+Xy/LpBdMCx9a9XLWDLxfnkXvwb8g3/Psu6SdYiD/iPfuvdcWXUOPx7sp691h02+o/29/9j7c1Hr1evH3oHPXh1iZQT/rH3cGnVgeux/gPfq+detVp5dYHS3I/2It/X3dWrjq4Nesft0db646Rf6D6/wC8W/4r7tXHXuv/0t/j37r3Xvfuvde9+691737r3Xvfuvde9+691737r3Xvfuvde9+691737r3VK/8AwoS23ktx/wApz5NHG/w8HAQ7C3LXNXwwzFMZi9/bd+9eg83+ayIin/bdLOo1FeeDcf2N2Bx8I0/Ig/4B09b08aLUaDVT9uP8vXygt0O+udBdi5+4ubkk+UqH1XvxqHH5HtOq4Wnl+zPl1uT42A+HpHJ6JoDIw8WuGWc88RLOrSAgC7fQD6H6e/UqyimOmx1nypeaSlqzEUULI8bHyNrZ2Z449RuLxKQPwOP6e6aXbWWHy/n1utQDTPSUqFf7nWzO2iyktcFQtxe7gi1gePpYWHHujGmns4n/AFAD/B1uuQSe3pQ09dPLkxA5MMVQyCJFNo4gkgaKnU/Wzuic2HLX/PvcYAFa0H+r/Y6qc+fQyVlUaPHUqM7lHxsMMTsiGSEFpDdJwSQnlfgHSQVII/PtUKBRXhTrfmKnj0zxxirpXkSeOaClNDpg8hUS0tEtLHUR8IXQ+Ovk1MTbyBmI/PuhAYNSv+freAa+R/1DpRvlZsbV5ahiFOzKs2Wh8iBzC1YtPHUwsyqAB44Iha31H0t9dM7I9KY4/nTpxR30rT/N095XLzDb9S9VJ4qzE1+VXHgxjWKetxWMx7TGULdhFHTsb2uG0fS/O5iRGxr3j/N1aId/loJ6Frqasx9fO1JW05nxppKVqgq4g1z0gFESCzAxr4E8qg8nSf8AW9k02oyIV4CvQqsHjeORHOSK9cM7S/3ar8kqymofH5Kro50BjeY0sLS/Z0sUqPyv280sxEf0V0X8X9mnwRVqaEiv+D/J0SdpuGT0Bp/x4f4ekth6eTI0eMpkmigpaGhNRVvOWVWk00s9TIWDant5jpkIF2U25Js7GQQQek8iHUhqFUDp7yNacpuWDJ4aOrGFqqKtWnpYQsH3NBjY0pIS6wsqrJX09EzENdrTD639qgxZwQMUp0kwQSfPqLVbbnBRKihaGtpVy1ZXGWcKIJ/PKkOPiEKFg0VVTMWXUpujfUNf2xIRqoKVAyft4dK4kUqz+df8FK0655jqqaqxu356Jfuft6eGee6FYzFO1Fp0sQVBmmrAwC8HTfix9kcTF5jER3V/z0/wdCC7tQLSCRBRQP8AIP2dBpuzYNRiancFHCsE6NBi6sjQQ80VTWU6JofnVCgqy7AW1KvNtPtfEh8OpFQa4/kP59El7GkVxIOI7af4enGLBwYPbmQznjhnnpK+jxWJjc65GqkllaWWWFUs9ORMfIzHSWcKP0j2tjjCxs/4vI9JZaJQLw6B7H0tM+TxVIA6mkdchk51k1OA1RU17yKJNKmVZIxqJHpsAo9tqAKCnl+zz6TUrSvHpX1tZV12181kMdDLJk1pcRFSLJJGb4mpxVPTZ5xTqNbyVX8JSxAJQKwJ1Dl6hZS1O/8Ayf6h16pxTpN5DHBNu46o5gDJ/DqFDIrTsKWZrwOQzK3igna1tQ8cVv8AD2mlGlVJrUHj04gwwHEj/D0H2PZXqqsxnxvUSSxUhc2LOrHxoCzWZJotSLe4swH4HuhpVB5hf2f8Weqk6qknqRBXzYatkQBklpqgFojI6NofhJ6KoGqSMgAEgggqRdXHHu+vQDjHp9ueq0oCD69LKn3nVKyJJMlbTOgWRagUqTPCNMbQ1EMrjWwVdPlpn1af7C+7s6nA4/7I62DQg8enSPIYto2rKOsqMbUSNdaGcl4YyiWUQ1EkUUphv9ELOLC3PvWpTUtih/1fy62CeK46ind1VSyJHNLK4Q3kqIJ5oonVgOXC6oyy/wBB6SB9B7ZMhNKIa/5Ps+3p0HRXv7ulDRZKCWWOtpJAjeDVqYh1YI3kEiMF0sv0urD+tj+Pe4nYZBpnI6tQOCdOKcQP8PQpY2twuRvHE9PTVdWPvKl5q1aalFVoiaY0glSNEknHDIHZSP7P19r45o27WOeP+fqhjoNSmtPl0mqnG1etJomWprMXPO9NHTQeWGox0kyqjgERyUpZZCGRgIZBwQDz7o5J+E9w63EAHyKip/1fl1nJZsdWUNRRRwUy+ab7VlSR3+4jWKRFEq/uxCT96EuS8YUgMSeKI5ZHJHwny6cdNLUHA+v7P8PQa0eGqIqtI4ZRVJTO8FbCZg9RRxVEn+R1TqtzUxwtcFkDHSw4BuPbKgHUVrU8f9Xr1TwxRVb4h/q/Z0sNgUMdNuGmpasK0UeQSKWCpnNPZdfjkeGd2jVLKQ99SWABINvaNwAzA4pjpda1DoQB/q49fXA/lI0mSpv5cvxHps3PDVZWg6lxuMnlhhhh0U1FX5CDGQE06JFVLBi4oFWotepQCU313JzKXCxIxNNC/wCDy+XRVPiWRR8IY0+ypp1Y/wC2emuuiAf+I9+691hII+vv3XuuiARY+9g9e6wkW93rXrXWMj/YW/P149345HVvmOvAfgf8jv8A8a97OPt61w64utwR/vv99ce9A8D59bB4evUQixI/p7eB6c697vXHHr3X/9Pf49+691737r3Xvfuvde9+691737r3Xvfuvde9+691737r3Xvfuvde9+690UP57dFL8mPh58g+i7VTTdida7ixVDHRQR1FVUZSio3zWKpIUeOQh63I4yKG6DygP6CH0n2ptSnilZPgZSp/2wp/l62raGDDiDXr4+XyK6m3V0/2Hntgbw29kds7j22uOhrsTX0+RpqqN6uhpqhJJKXL0tFk6b7qV3fxVEMUsVyhUabe2JYPAco+CKUB9KD/AA9PSNUlqj8ui/zU6h5HZrpq8KNyboGYG/HpuUv/AF9t5qT5HprpzqaYPh6BYVUzgO50gayJIkmd+CwF1jYWNj+ffjqo1Pi6tgj5dJ1qRZ4SdLIsoImSzNJFVRH1IzE3AZOR+LG3191cElWr5/7HWxUEHrBV0Uo+0QkxyNHG8cxUgJVQkrpuptZlROeb/UfT3VdKinFv9X+HrRNTxx0vMXkp8zTPTV1vvKVVDx6X8k9KJHM0uhR6hCshYsOQwvaxJ97EiNqNc0p+z/Y6uAQQKZP+r/J1zxlRPHUNTIn3cdVLJOpVzeB5KUrKz6iEMRZBIbBfSovfn3YeSg4z1XK1px67yGThOcyFdJIVE9BTEKugLTx/eUc1VGn1V3gRWCk3ueQP6aqA+o8aU/1fs62Mk5HSr3lUCXyT0TsaFqanSrhl0rJJVVck5tZbXRvAxFjwFUgD6e/T0MbZx/l63FUNT1FPyr06bJrtWUwlIulnqcigqInmkp5ZFieKPxtNTyRK50wjgi1pCTx7K3PCuP8AY6O7cqXUcST88cfPoZM9QrPDS1c8klPkchl6Sesaad5GKZKnmon88tQLGOGopyqj6BT9efZlGI5LY6WxqzmmP9Wek0pKXSFh3U/1Z6B3OZ58bQ5uKl4fJmKioIJGp2VKCOeWneTTFZ9JA0/4t6re2VmABcHiKfsJz+zql2hBp6UP7QP8telbtTeEDVGPpsjLAlNT5BIZaKlkSKaamokpoZCfEyOnplX0jgrIWBuLhcj/AMR4EdIOGlvOp6EjAZwbhzubkgaA/dVGWrIaaUaohWy5eJcSKaMyOdEtGJVQC6Or6jYtf2XXM36jsTSpP8uHR9YReL2KPMEfPGejg4rE4mjpsXhMrW1FIMnXYWniXI0fhdFymPqZxJFTNEZJKQ1FIiq2rTHIb3CklSqOYi6kcUr/AJiP8/QqmgAsI4mPmB+0EY/MdEs3ZHSNUVAmpp6NaGGSlq4tZkCGl3BTmJqiRPJdFgBWGMAofTyVHsQIq+FUDtP+foE3VTMcZX/IP9X5derRBWbSqkbX9vTTCvgiihUy66mDV9sW0qwWJ6/yhSF06BYXHLms+EO4UHD/AFf6s9MFNTGgwfX/AFUxw6Lx/BI8Z9/Ulwl9IlYkSzTO9ZfxIEZmmDwLLx6UHkUk8X96VaZH+r59IyBUZz1wpcVV1jUa00s1LRTq3ilqnjK09HBWwLSeNl0rJOZWnZhbmxXm4tumrStTTrwU0GO316k75lgmo4khZaaKiRYsfQU0LLHA8lG9KwpqYIZKaGhgR3ldgSzWP5uKSjVgHPl/LpyvEaa04/sPQTV+LnpoqamWF1qZghiiAcSLTsVlaZQ6qyrKGvf8Kf8AD2lKMJACat5/5OtEaY641H09KdcZqeSto1qX/wAoImjg9Rs8geMVAUMLyEKqnSfwf63429SFf8ROOqBSK1HdTqFJTQTszLHMutCfHIVkEZVrA67JrsBYmwPPPvTMxeqny/y1r1sAahq406dI0lhaNzMHePxqgMaP6FAiF1I0fpAFwPr9fdsli2eGPn14UXTX4fQ/5PT7enGAvG3qiMy6n1hk1aIzYFgCG8arcn62H+HtohhQEf5/WvTmlWDUzQfs9f8AUOlHjqHzVKSI0sVJYO6RIWYxsdMoCyTIzWktfTwt+OL3fRRIvctRXqoLLkNj7fy4dCJhK3HO061KVOPqKPSJqdzqSpjIBjnSSVWMAdQCbC4awHFx7d8JTQmgPTkcrBSWGR/q/wAPSlGfqHlqIVraeqRKUj7elpJ4qqRWjmZnaOkSkmaTxHUCSxZ+fz7sKAnHAfl1tn1VCkkfZ/qr8uklWZeOmxqRo6JMBDIgNM4qUijlemEM05KuTHIrAiTUVH5F/fgxCEkjpqRwQgAIA6ZaBCd103haONKvT4qks0KhheoeCRkB0mGWHVG9vooBHPDRXvRkOD/L/i+nYzUlSMeX+b8ujd/Dfois+SHyS6u6mkpMxUy7y3zR4Kqi27TxT56oxFZWMK4Y+CVoaabJUdF5ZFDf2F1G4Ug0hiFxeiFh2E5p6eZ6XL2RiSoWRTivpXA+Z+XmOvrw9GdXYDpbqPrbq7a1LPQ4DY2yNr7Xx8Es3nnSHCYWixifdStqMszCmuz3N2/p7Mbh9chGNK4H2DA6JWJY1bj0L3tjqvXvfuvdY3+g/wB9/vHv3Xusfv3XuuD/AI/2P/Ee7rw691j/AN9/r+709evde96FPTrXXFvdhwPVh1GkX+0P9j7up8urA9YvbnVuv//U3+Pfuvde9+691737r3Xvfuvde9+691737r3Xvfuvde9+691737r3Xvfuvde9+691823/AIVN9D43rv8AmE02+cfFSU1F2709sndUtPTSxB4ajbLZHZko+0hv9vF4sHGEDBS1mYC1r2u5CzW0mmrlKH/anj/PpZbor28oplTX+XWqlKoYNEAwdKh1JK8qinxc8m1yCx/xPts5JFOkx4ccV6cqWJwvpjVhLHFEDq1yCFoKk8H6erRY2FwbfS/vZ4kdXwCKjFOmrK0tXjqhoKmN/J5GImdSpnUgKjaSeGQHSb2JvzzY+2pAwLClWx/q9Oqk10in+r/V/g6V1DtbJ5fD0VZjqcViQQVSGdUIb7lKmesMUhdQqTCml0oG9JPANyAUbXQiKKeB/wANePS2GzknjLxqSf8AV/qHSm2TsqfdGUajoY5V3HS6arFmGmD+ae5SWJ6UsGmop0OmfQWkgZi2ki9kk92tsRKTivRtt+2PdgxLEfFA/wBR6g7s2jn9qZ+WDcGEr9vVBDtTCogYUliNUlIzxxiN1iW4AJDiMaSOB7UwX8M6lo5AWPDNOk15tN3ZyBJoCB5mhp648ug8ycEqBqaSBRVLIiCdTrco5MkUZlclZUFtMbCwZSP629uGQs3HuH+r/Uei14WUEn5Y6coMnLNhmxs+ryxTU0cTkKYgtGkhgjP0Nn8zi9xbV+L+3ixaMh+Faf5RX/L15SQ5NDUgU/LHTxhK8Cf7qJA9TTPHLIt3L+MlYpamKEPaRomC6wLn6Ef4om7gKjPSyNjG5YcD+fp0K0G76bJ0DU+WrD++/wBlDWSRSy0sDuQwmE7I0sRpZoxKqMtwurj6+1FtIEDxvhSKdWuh4pDKakH7PT/Bx6R+6EppsS4oo4paqzQMQFYJNRxSVCTwCRfLonRCWIbhifpwPbFNLEA4qf8AN07KfEhDIRrpT9mQaf4egloBW/dPHTkSTGlZ2q2Z4wkETNV1cgYFyHejpx/S99Ivx7cV9IJPrTpCYe5lGTQn9vl0YHpTPU67v27VZN1hp2y+LWb9MkLR0EvmpqdjJ6DHEtOIjfgeQG349p7r9RGUk1p/L1/YejnaCEniyNNafPh/nH8+rkcji8NJ1ns3sfE1FVVV+GTaGUydGgd6+Skg3HU42GjoNdRoSekFRUOQCkcqwMbCykkyMFmcVxVv9Q6HUsINnGSKsAp/Oueqqewc/o3tuii+5NPSf35yrkpIlZM8UkkLozyFIzPFSVN4gQNA0kLew9iO3nbwVxgU/wAvUe38aC7kQnuMhH+Dqc2VeXGJidCeZqamqmYkJA1VVtRzRRgArqheiXQo/LAFuRwonkUKQvEj/V/LpqKJsArgMQPUj06DXcdGZolp6WYCQyFJElVIqwyLOgkrhBCJWg8gOnUQSbWBJ49qVIaKPND5f5+i6VCruKf8WfL8umpIP4TpqampTzYuZFEZjjk0VXiK08cUAbxw/blykalWeIlne8i+6ioAz1SlAQuRX/VjpK5fctJi8tBRrDTyKIUmraaGMST1GRnjWpjoaiQE+OKnkMRmQXRmdo2PDD3suoJIFf8AP1piRX7a9JLKLkK+rqq+tlLS1l1Rv2/K4dtcqrobTpMpK2T0k8D6e0xqWytGNP5/7HXjQ8Dj/L1hehLR0phjeMRwVaONZCmpp5LxuhsBecTgD/AG3HuoWvhipp5/l/qHWzUg6KV6k01EtSHYxuy3DK4iAtMyqZY5E/SlzdjpuDf6e70CUJqRWlfz68BUk08vt6cqWkXwuKiBJaaCbx31KrJL476SzRSCRCANakq1rEEe3AAqmuRXHr1phxIB+f8Aq+zqUaGpEb19BrNMsKhmZHJiKlYmhk9QV9A/IBHIN+fbQWoqpOoU8/5fl59bAK50jPkenPF5CKlq4xUOirCiThKqEFoo3YKKllZZwtO5TSzAAXHNgfd0VQ1BUH/UOvB6GukaelXV46nmjWaKthxs9RqeGGVISk4kIEpgEUlN5F5Da0LNzYj3ZlK0qT/k6cGalSAp6RNci0VPH5UDQzTIKPJaqeOclS7aUaKqljnTXYhiQzD/ABv7T+MQdBWp60Y+0MWpX7OFfl/g6yVswyNJBDAAseKlZghX/KKlKicy6ptYVyGRV4A029IHN/bwJIZdIoDw/nTrTMpCjgRw+eep+KpmFassEDTNFTVCSEECKSVoAsb2KnRKrM/pIvqN7fgtnSFlNfL/AA9OoGMiAKa9bmH/AAlU+IVBvTt/tP5XZ2Znp+m6PHbC21iavG009NW5ze+Pr6usycdVUO1TQ1+3KfHxiJokHFSw16SR7VWCmO3muCaO3aPsrUn/ACdWvpANMA4gA/trj+Vet8hE0Cw/2w4H+uB+L+/dFvXP37r3XvfuvdcWFwf8OffuvdYffuvddFdX592B691w0f4+91611xIsbfX3vr3XA/j/AF/dh5/Z1sdY2Fww/r7sOI62MZ6i25tbn27XHy6c6//V3+Pfuvde9+691737r3Xvfuvde9+691737r3Xvfuvde9+691737r3Xvfuvde9+691ob/8K89pVcfdfxs3n44ko8l0tuHbkMq6fPNWYrfZrqrzNYHww02YjCA35ZiPz7tOf8XtyRUAuPs+E9LrTKT1bA04/M9aTGWp5IJ6lo1B1U3kDvyoMzgcEf22N/r/AIn2yGqNZwPPpKw8wOnHCRk1jRSrqK0zKvqA0yOwWmKn66dbAG34Pu8YrWmKf6v59byM6elpuXH0WVpJaiCHxJSySRSKFDVL1E6QlZUPLMiyIQPpYAH3ubCFv4R1dQGpRfPh/k6Mx8VEoErKrB5qiaWY/wAPykdMYYaqSqxgLJkyaCZGhydFHE2qpht5FiPkQEqQAdvgbw1aM9pB/wB6Gf8AiupA5Ng8SaSCVQXWhI/onB+2nmPTqzDZ3werMFvypzGz8ljcni8hW024YMTWPLR064qug16cZmmkqq7F1EdVJIupRUBlZLqovcLTbo88KRSmrAYP+f8Al1IlnsEVpcvPCW0MakHgPs+w9GOyXxood3LJi9z4TCZmkynmoM1jcgiVGZBopfRmcXlY1ipYKtlVVSR00uRdbMW9oY794gGRiCD69Gc+1x3D6JIwY2H5fIfLokHe/wDLIx2LL1W0qrJ1v3ldBFRzwweWeCN6ktLBU0FMoPjoadQyywpImlblUuLHFnv0+rQWDJT/AFfz6DW4cm2kyMY4tMp4/Z/sdVr9m/GTfPXGWy2Jz+LqjDRyw1cGWhiZqVYclF51esQqGSmcpp1gHxyL+oj6i+y3aGYIHYByP2nzH+ry6j3cuVri1klKjUiNxHpxqR/l/b0WfIYfObfq4qpoWiAZy7L6kAAHkIZbA61FibDkX4Nj7VAqVNKceiGWCWJu9SP8HWWHLtI8uoEQ1oQVUIZ/FNIqlSXsAqVS69SuALhiPoSPfgdJqD1qhbUCtVx0s8PNjMpj58dNVRY7IGnniinnMsMuuaLxsUZiVAkiFnN1spB5+vtQQktHqNXn15aKhiYZJ/w/6s9NGKxFdS7i/hTwxBcjqoqdw6NDJDNI5Vo3UFnmqpNP/IAC2HtO9dJyMdPW8ZW5CnIJ/wA/+DoTcj1vnNk7rxmJp4WlbK4tcxinVFl89OKKJ6yP9kyp/EKXUSV5ZdFyb3Htt5FdFY8Rg/4OjJLF4LkotSGBK+vCpH2+fr1ZJ8fO01z+wtxUmayMdJlaHAQ46Vsh448XMmC2/ufJba+4l8byUOQx2ZWGamZVaGpeUMDqiCElnTTMGQYr/mr0MduuA9rIkpOsDh+RIr/n6r67fjgTfOQqKWppchD905NTDKZ444Keo+0lSetcRhx/EaOSUMOLSj/G5xaswRVfDEf5egjusaPM80dGCtk+mKceom2KiSzI6tJV01LrnWrkI0yLTTPLJTSMyr5KymiOm3D2IS3B9vSS9tQTXA/ydUtoQWZGHcMg18/iH8v29Mj5KorpslU0g+6nE0s887CQmhD1kjoSUaOE1EbXCgm+tL3vY+1kUulAgOfL/V69EksWuSR6Zrn5U6D/ADWa/hw/i0SmuFNFPRYf7uxpzXNCkk9U9Mqo05UMWeW6kvpVQouPbnjBi5HBR/h446TNEUXUOBwOg7p4J6qQZCvbxOVLtBTR+FqgyPdYwykyeSQtdndmKLfm59tLcMxAanWmirGXFSQM/wCX9nSkjppqmroqqsCxLWR3Xzs3gEESqoQKFkmJQx6QouTf/En3catUZand/k4dVVAVPyx08LQmknTxyf5O08rrJIAA1iYo9IRuNesEqP8AX9uN2MM9letaTQ/Z/LiOudOiU9bkknMiogoFjKKJJf36iGlWop9bgqED6mUm31/B92oGZlPD/L1oal8jqP8Am651s5Rw8ErvJKTqenRfDIEgQySGD0r5UkLIwJsG4tY+6lCjjS3+r7ethieFK/s65UFdQVsUc1PNBQzoQPPaQLMdTMzmNWeFmYFo2QLcobWPujHTpK+uethtVa/l5/z67zOMlnFLpilX7WUyRy0ssctRBBUuC8OsOZKmhkck6XCst/STf3Y6RoDHNcV/1Zz146m4AUA/1HplnzOVw5eOIxvBBImiirr3hVo0ZoYlT1U7kXOpSoINyPz700jIxFQR5DrWlgGHpn/V+fXOLNYSsZI6ugmoPPKRJ4qekqoCZ+TO4BpizOXuXjVHLcG/uhKELUEE/wCHr2thgjPD9vStoKChhqqZaZpKiOVvEGeGWnZ6byaKosfP5UMcZVQ1xd7c8+1KpSpHqP8AV/m6r2qdI4U8x0L228DSUud+1dkDU0cdE0sESIPvakh11FgVIpwEV7X/AEN9L+6zRhmaMDJHHpdb0Gl5G4Hr6Pv/AAmr6Wq+rfgA+6cvg1xWZ7a7L3JuFqtldarKYPb8VHtzB1NQsguq+SlqzHY25PAP1WSII7a2TTRqE0+3/iukV1UzyljU1p+QH+yethr2m6T9e9+691737r3XvfuvdYCpH19+69117917r3v3XuuioP8Ar+7A+XXusLrY/wC+vb3cHPXh1i/w926sOsH+7L/i9/8AH+n+9+3Pw9b/AA8ev//W3+Pfuvde9+691737r3Xvfuvde9+691737r3Xvfuvde9+691737r3Xvfuvde9+691qU/8KyupaXcPxx+PfaarFLkNtdiZzY3jlj1yJR7qw6ZkTUrCfXE/3W2VWQ+F0ZDYujaA7rAPaSqeKsD+0UP+AdK7Ru949NdQ/ZQ/7PXz2dy46aKtnpFRdK1aKXCkXhihDEWP1CGo/wBYW4/PtMgGkANU+f8Ag69cDuKjArw8v9WenkYNcfMs0k6xquIij8kaFld1nQRmRhdtTFQNQvz/AEPt8qFx8umqHTk4H+qnTzRQw/xitxDLo+5mpptSSM6SxSIKYspNyGilppAbmxBBPPti5YKj56WWaa5VHAE9W5dT9IbXyOK2VvSiRqPJJgcU5qKRvBViodTj6+aCaNbpUtZWF1ePXqDoVdgYnv76YO0bE6NRFPsOOp95f2q3KxSAdzJUn1xnP7OrS9kYbNYOGgpafJJLAtJT0NPW1ONV6ql1QxxTSiOGoihiimdQ/qUxpIOF06R7IVcsTkUr0LGVFqD8QA8+hCo46XGzJTpK8lUXilyGQncfcTrTqyQNK9lVY7syxxqoRVLWH1vtFZ2ehqoP+r8urltPhPQUA4dQuwd8UOIxVZk55oqCWhSSWgkaN5ZVaIxqkyU6G9RNkp5Vgjg4MhccgKT7MLO2YuVOKn/iv9npLezJFArg6nI/1fs8ui30NVhN3ZTD5ve238bBPV09TjMht4xxy1VDj6qVpqeLIy1K1CVWPjeaTgjxSSykKCGZSI47QAU8wf8AYx0DZroF2c5LAjh+yvQLdg/CHqvP12QqNu4+FqaqnqJ6VaVYKrF0UbU7TSj7HIyU/noYpHGmSKWMs1kjOsLqM4vGBNCT/l/1evRVcQ2sqBmjUEipP+r/AAdEO7L+C2OoKsZHDYGSbExOy1sGBhyFT4ZoIvO00UNXepmgkKm1PIVdQxWOY6eFayyaVDA1/wBWeieTbLWSQsqqFrw4V+XSXwHw42ru/FVeN2nlMTS7+x9OmSpMDksi2Nr8u6xslTQ4ijz7q9bWK62NMJWbWWQAqQ48t08btU1oOH+Tr0+y2MsVBFpl9f8AAeipb86t3Nseukwm78U2GzERFRQy1ZmSOSzt9u0NZZkULGq6kdUlha6PpK+1izxzLrU58x6HogudultGpKCW/Cw8/nXoTsDuOPfuDxm39yTUu3dx7cpqefAZyNXgqshUUckkdFVUrL/kYr442ij0xWFVGATqcG7MlUIYHB6MbZ1uEMcrFXUYI4j5/b6fz65xxNj9xVcmSFNg6yreKOvlx32kME9NmJQKrI4OPzR0v8FnRpZGhFvtJpNIYQuAqSQgrqRc/wCA9GMaeG2iZhpNBWnEZyPQ5yPXp1qOuMJuva2QmxOiSGrqM7NLXU0QWMwNSLQ46OSiZfLEGqKV5kJJDEs0ZYke22lb6ha4p+zy6UR2UEthMFFddTxpihFKcPmKdAnkNv5jZ1PU4rMCKYGmhpqedIZl1wwsyxV4mIjMgSOpEUiqblLG1re18ciyZUU/2f8AZ6I7izktEVZDUgUBHoOBJ9QDT7OkZtyimMFRjp4JMdCteamtLzFhUo12881QIzEioKwEBiHNieSQBuWco8KJTNf8nSW0sQYLkyoaCn7M5+0kg9N259rwQY+jkkjVpEgmmijTWxGt5TO6K7eiPxQXINyxS4uLkq0IJapIrw6J7uCkKaRw48fTj1yx+y4avbsOSiMYn0UlaCzJH/k8lTFT1IuQV0S1EhOtjwQVFzpvpGAkAanTrWo+kLqak0/ZgHH59I3Nr9n4YfuSslPO5pGdWKw+P16RMU0rFJHJp1kDizfT2sEmsDND5fKn+follQpTOScn+fU6Wsd6VXlTzipekqwoVWkhmitCad0KB5FcwWlIBUH1XH19vai3a4FCP5/6s9UB06aN/sjptzFQsdPPPBKrNFjqOgZ4ALNWLVQu06lbkvHB+2TxYrf6e9FvxKRwoft/4rh14gVr5Zp/k/zdNP8AEUVoTCq1iMqZNaQymOWaGdI5JYbgFzLTvG4tq1FQSbGxFyV1YNT1RSBUf6vn1ymjJgmliepGPmqIalJU0s1HOzgxGopiq1CmJgA4GvUhPPAs3INK1p2VB/PrwFangOpkS1tMJLqKiPQ7RyQIsoMGkyPOsqtNT1VKy8+Ph1t6gPaUjtA1Zr09EpVcjj/q/wBQ6m1Mq5Rppa9aOqR4qaKGppKxqOZ2ULHGrw5CaSBJI47CynSLfT35mV+LdbiLKxOn1H8+kxV0cIMUFFBXpBToplmqzRs6jyEzBTAtOZIQrXAKg3AIP497U1KDy6rNHQ0C+Vehq67gp8mUhqJNT44pTwy0yrKstLPTJLcVLv42gp5FMxuCTa1xc+zWJoyhJPA46ZVWLAdCZtxHp87H9vTmqmrKsz3kLyGOR5ETx+PSt3FTZfqdRP8AS3vzD8SjJPA9KoK66VqP8HX14vhlsjC9ffGDo7bWBp6WloqbrLZlXLHRWFLNX5HbuNq8hkIoxPVCEZKrkadkEjgPIfyD7fvm1TkUwBT9nSAnUdROTx6M/wC0fWuve/de697917r3v3Xuve/de6j+/de697917r3vY+fXusbj8/7D/ffn3Yde6wHg/wC3/wCI9ueh62OsWj13/wB9/wAj92r29W8qdf/X3+Pfuvde9+691737r3Xvfuvde9+691737r3Xvfuvde9+691737r3Xvfuvde9+691S9/woE6/m35/Kx+RUlDT075PZy7I3nSVcsMbS0UGF3zt58i8NQzJJTLNRSMjlDd1Okgg8KIGGm4QtQGM/nTP+Q9XiJWWIj+Ifzx18u/N4GupN01+PrqeZakQ0w8VRC8MiSzeKQCZJlEkSVNM4kAYAlCD7ZCkMQQdRHT8oFdStjh9nHpjr6+jSKGaSb7eCXEVUc2gAsZCWrWWFXJIs7IV5upH+v72zCgqccOm68K8a9S9q1S7g3diKWihE9ToEc8KReOOAtUpT04JXnVURxiVh9NTG319lt9cKIiSezPRztcLzXUCJkj1/wBXz6v4+OOCmGxdrZOnYlKaoqIaulljYrGocOwVSNSBLq/+BW/5N4h3R/15aeZP/F9ZE7NERbQVFCEHR4tv5J4IpIgD9w6OsF0DF0DEEoiamZfGQwP049lcVaYBrX/V+XRs6qJTqpSnQQ9r7/h2fjqyphkerrh+0kStJaoqJVenpKaaeIE0tNJUxqjSGwCCY/RGKm1jCZX7sZ/l0W7pciGIELkUp9vQGfxqv3LUYGXM1c81dX09RkcZiIhO1RBT0ok8+5sgpj8MIlJ+2pixAgiDPdX+gmhhjQAj/V5dBme5kZVjYlpP8A6Q/Y+5KrbmLOScwY3DU61FZRiWtWCpz1R5IR97naqSZqwUVOwMVJQRR+SQEkyK7v7NYI6srfhPE/5v8/RJeTGJSvBgDQH/ACn1+XRP838uNy4CKualrKuuqayXWdapFSLAsTxRUOOxgkk8FBGqXZZGaSRm1O/1BNo40AAI4f5egpc38/4K0NMkcf8AY6T2C+a++KDOU2Wr6Oqq8lK0UUNTkEenosfRobp9nTtrgDRnSVnVrgrwBa3u5jgoCGNek/195DKVaI6PX/N+XRj9vfIXqntM09R2TiNqQ15kb7qrWZVnq4Cb/wASyVTTvHVCeCZiyWkExdrliFChDPZCQq+jNejyz3tI6iR1C0/y8KH+fQz1nWPQfb1HRY5Nw7r3PSO/lWjkzv37Y77hI6hKmnkyEwramRxcsEkkkLXceq+oveCaBiyu1f5/Lo8WeyvFZDGjDFfID/Z6LJ2Z/L73RtjLPleq6n+8WKmhfIR4t5fFU1UYJWaCH0CiStPisA+lWewNjx7bkvpBpWWmmn8+n4uXYJD4loxVxxB8wa+f+foKf9l53jJjXqMniamqx1LU+F6lZqkVe3cipJlpK2iqNMmPmp2qLVdJPGnlgYvGxsHGvrAzVVRp/wBX+r16XNy/KsXh1qSa/Ncftx+wjqR1hsrLbNzE+E3BtTLNj6mlqKGgw0dXE9SaYTu9bkNs5CqgqKHM0LVjsyU4njqImJCvwdVJJ1d/iNR/h+fXrLarmEGFoF0nhU4IAyVPzrwOR0+9/wDS6bj65o9w7bx88821shlcXlqKqpDQ5Cngxiy1MdXUUyrOHMaVwnf/ADeqmBQaiYwjcF2ElY6jmn8/9X7erbtsxmtFRYgGQmo+zhn5V/MY6JlsrEjb+J3XS5qGspJczhoITUZCL/ce8cGSWveKkmlLmWokg8QVCQ9iVRibH2cx/ryRuOC1p/g6A8wNlbzwtqBcDUfsJOPn5dRsnjIJjS4nzQY7HU9JVz5bIyRyKfuayKnnkxIhqSB9vT07RwltCuXL+ux5M1TSJHrjy/L/AGeiKZ1l8OIGijuPrU+X5DoNTv8AxsBq8Q6QxSUDyUlPPTKIaWnoqvIpUw0wphAn3RhpfGra1CkrqUX9XtvSSQQe7pj6yNFlhPktAfSp8v8AV5dAnmJxV1s8M07kfdyRzTqeVfXI0ZVWJvHCzWNuHjFvwPb6PpJVhgnommHiUKnI640bVssP2zyv/EaSWQ0VTG5UrUNpE8Bk4dI5okVl/pp+hF/bxcBmJpr8v83+bpkRFo6V8/8AUenSOtjyXkpq6CKImNokmp4VjLuqsjpXmExxySqgC3KlyoHqFr+9tIGBAABFKf5urqlGCtkH/NSv29JmsoXpZ4/SwVCksRjDJ4o2fVEhksyh10kggm1782INK/xAn7P9X7OqOi4ZeApX5V6W0VDLHRLFKgrKaqqDKLSmCaNlAiaIgapKapDsxCsHhccp6TpFzKKadQZf9X8+r+ASK5BP+fp4xu261I6iaCSRBHIrCVwsEboHJ0yQmxkd1JYlLoRcAk8+2GTtWSv+x6dKo0ZndFBLClf8/TXlcStOTUVUVDRiRgkctHJI0ZKEEulFNMs2jUQWfTpUMeCLWozDBqK9e8JlqSKD/KP9kf5+mGcPKBJFUtFUUjlI/txFCl2LSRpIEhCEORqF7gg2vb34O9Aa8MdMtGhannQU/wBX88dCnsWWfF0dRUzU5aprFkhjgqpDLEhqoWheamiN2C3ZWAdgvAt/iaW5NHOih/1fs6SsKDLHzxXz6uP/AJTfxGX5VfKrqraGSxmc/u5DuKCuzeSxmMqKyOipMbBFkJpK+rllipqCikgga7NI8jyIP22DEqaWcWp2d17EFfz6sf00VgePCmCKdfUn2ht6k2ptfAbboKajo6TCYmhxlPS46OSGggjo6eOAJRwSs8kFP6LqhJ0g2ufr7QzSeLLJIfM9JOlH7a691737r3Xvfuvde9+691737r3XFhcfTn/D6+/de6w+/de697917ri36T/vvyPdhx691HPP+HPHt0DgR1vrqx/w/wBv79+R69U+nX//0N/j37r3Xvfuvde9+691737r3Xvfuvde9+691737r3Xvfuvde9+691737r3XvfuvdEj/AJjuU6wx/wAJvkRSdvQVNds3cXXmY202IoSgr83nctD4tt4qj1lVWSbNJC7vceKCN3/s+6SXcNijXVx/YqM/OuKD5mtOjLaNsvN43G126xTVcyNj0AGSSfIAAnr5N/aOZly++d4ZXCbSjwOArcu4p8FS1WUrP4XQjWHEORr5pq6rVPOYVeZ3JQr+QD7ZO4I7KaAA0x6DP+o9GkmyXCfUERsQrU4H1AP5CvRZN50OZychixVBkqhKeePH0NLR00s7SS0iLUVUcMEIaWWSGKQOyhS2nm3B9vtSRytfLh/q+XRA6MF1lCFrQH7OPRtP5eezU332rmWro4qoYymgli8iAg1CxyxxtpJCsFNOvH1DC5/PsJcyStDbIgwa0Oeh1yJAtzujahWg9POlAf8AV59bJe0tlUmAxtPS0FOtOryRTyxIoVQywrEZALeklYhf63t7jaVi+DxI/wA/U6qoUBR0rHwyw1FQscgpIlozIHhH7hjZtUiLIbGJbknSLH+lvp71AmkV8yKdbY62U5p/m6KJ2lHDufemI2FQPGYqSam3HuZIROxjx1CskGPxdS9NZxLWs4BiQ6xT6geX1AR7dGI1LPknA6D+6sbqSOCMcDU8ehC29tlMZW5CuqqKqnyObMQq8lPPSUscdFTKlLQYqipWpPtcfh6WCMLDHHGxAL6WOpnJt24znh/sDqptqFioGqvr/h+zoQcH8cNq9iVpn3vltoKhMOmhGXwDgxqHLTzz5XcEeS0nkWR05B4AJs7GzkjtbT9h8vnw6ZmtrWPUZZUL+YJFP9X29GUx38tX4p5vFxPWYvY9NXVKQGKrG4sSJNNSgkVYo5MtPCUCl10xMCW+hP19rWSSQA62p+fRSstijMPCibPoP5dBd2B/KI64fHVE22sTBV0sdNJJE+K01X2hZtJkhMiVcUkcwszAmJtRufV6ggmkvIK+HLqIz0qW12m6I1waK48iOquN/wD8s3OberasbfyM8DUUshhx+QxyANDIA6mm1RNLTo2kCwuoJPH49spvsiEpOn+Tpifky2er28v2EZH2fb0nti9C9m9e7ipXrpqmnFNIGpK1actRCT0lDUAVGmJFUeN3sqWPKDhvav8Ae0Uy0Ao3+r16TRbBcWUhD1IJPl/h6tQ6582XxlNFkwtNkqZR98gRCs7XEepUHlIinMVmYyAh1sWIufaC6dXQnUNQP7ft6FO2wtFJnP8AkHQt13U2K3BLJksUzwZienhpkmp0p5ZaqGFPE1FlqeVRDlaSIO37VT5jGBeNozyUkAqW0nj5HoSyqmiMyjSRkkV/1U6CWs6fw+TeDF5jE01PlNu1KyY6fF3bF1iwFFEiU86NU42okamGowzEW9PqUke3GdFDAEinD7fl1QxuoDkBkb8iM4Pp/q8umbO9XwY6fc2WyNLjht7N4ymx+VpnpylPJW44zkZIoGIq53ikjpjqQljTR/W1/erfMil6cDXpBeorxSaWOrj+fVJPyX2xLh5/AcJNgtvLXyrjp5IHgpanMGVmSr+2WIU4VZKgzCCMGQuyKeQdIhtJEAGk/t/1cPPqN96haml1pk0oPP8Az/6gegig+M3ZO56HFVn8KloKPIwLUo2XDx1FXShw1OJYQUeY+FVkklkCrqc2+otafeLaNjGG1MMf5+i+DlS8uI1keMKrZoeOeA/z16RFL8San/SXUbbkSokNZhsZmaWoSmkNPU1uNzdFjtw0UhkncSClTMUb3DGwk+gAt7oN0rEsyrjXT/N/g6v/AFORb57SQ9phDDHmpow/YQelhv74I5PBVORqJ2rqeSipnyVWFVZlmxlPFRVU1XT2KNM4oZ5phbhvtnH6rD3qLcmcaiMEf5+r3PJqxuwWvbxPyFPL9vQQVvxx3LhalfLgqvP4Q00by1NG0fmkp5zIlHM5pWlNRFBKG8dTCbILa/QR7VLfRsKE0YdFsvLE0T6o4tcNK+tK8OH7a+XSOo+ltwTrHLS0D1ccolkRp6KYS1lJTqRrlaB1jhqIlQnUWaOTQSLEEe1S3SgFSwz0WNsNyRUQnH+x/wAXjp7yHT1bPTLLkIPtoEx05gnRvS9cvleHFz1FF4fA9RSoTCZGdGcompS5Ar9YAxBXUT/g68+wyFKFtK5GfXy8sfn0F0FPQ4iWDE7iinw8kkTrjatIKialqAoZKSKUyaqynqXkYxvE5fSzAhh+dCVZAzRMCPMenr0kNv8ASOkV5GVwCrUJDYx+dejWbU6X3vlcFPldv0lXWYtKSImmqsYlT5YneT7hfHPDHMtRTnSSVCsoJNja/tA26xRdkkmK1HmP8vQoh5cuJo2mhT/I3r50Neiq74rMrisgtHlYHqJClSlLUZKNqvwwK1vHFBkYZXhHpsTG0ZNuSRx7MYZhKtVNaEdBO/heCZlIOk1I+RPQe05myMsLgjxIzJU0yxEU6ErI1NNDGtz4pzGUe49DBTxf2tSMvpp6nonZ1q1QcAZ+3odNn7dmyNZRUEkSxGoAnp0Dv5WCU4jhgiYLIzu1enjXUNOoAMRf2Zwxn4SKEn/J0nWjHTTt6+kD/wAJ5PjFSbF+K22O7Ny7PXB733NjanbOMyVRiv4bWZLZmKy2WqsXPXQsbVeShrsrVLHktKzVdA8MMhaOmhIMLh/Cto4hhnGfWgOK9NymrfID9nqOtiz2WdNde9+691737r3Xvfuvde9+691737r3XvfuvdYWFj/h+PfuvdcffuvddH6H/W97HXusPu/WuurD3up9et16/9Hf49+691737r3Xvfuvde9+691737r3Xvfuvde9+691737r3Xvfuvde9+691737r3VPP872ty8fwvqcdg5IIclX74x88Us8STqiYnbu5q+QCKQFWLlFF/wD7IeZpDHs9wVpqLLT5Uqf8nUr+y1ml7z9t8UqkweE+r7CVXj+fWhbtjrCPPUuSh3Di4UzO6hRfY5JYUFG8TZ2jqZn8LaRFLT08KrZTpKmwB+nsE7fvHjLqbBAp/Lj+2vWS/O/tuvLsx8LNrcSGnnp7waH8gOi97o6Z2Z1l1z2jmewXqcTuzIbTFX07m7NRDE9sPk8LVwPkcjEYmwsaYf7409SvpiyEUCyFEJb2NNo3BXubhJu7Wh0n0IyPypUdY0848urYbTHMg0yI4qD568E/kaf6h0cn4hdFxUO5pu26rcMEfZu7KZK3dGMzW5MdW0u/amcAruLGzeZ6qiyOU8nlWcCehqtWotEC0xvu21NuluVSULKDVSeBxwJ/lXon5bvYdmukutGuNhRqcftH+GnQlby/mefGfrmpyuJq139md24esyOEyO18ftmOlloMrj6qWjqqWtzFfWx4dYoqyFk8tPJUqbEgMLXB0PJ+5TM5cogrx1V/wAHQ7ufcXYIF7BNJKPILQcPMmnHotO5/wCbXPXFhsrqiGhpnhdFq8xm2rax0IYqENPBT00EgluLmGYH+g9nVnylbRVW6uXYjyUAD9prx6IL33FuZSDZWUaIK5Yljw9BQf5uuXUtT8uu644uwqGg2x09snPzVE53RnaDP5CbdsdWzQfd4TbeOnxX8SpadTpjqpVpKKV72lkI4MnGxbYAhtw0qnzJJ/PNPyp0mtG5v31hcLd+Dbt5gBQfsxX8/Po9/U3wik3+0+I7C+S28qagpxHkZqekwuw9mfxCeokbVTUlelFkc/HFFJdrSZDhfotxf2nTfQXkS3tIYgBioHHh+359Pbpy9c2FvbXE013e63o4RmotBUHFTxxw49WHbO/lg/HLLYsU+4+zu+974+FAslJB3ln6SihS36UoMblHhS3PAUf6w9vpu+4OP7cUH8IH8h0B77dNvsGMc+0iMMKEy+LnzzUqOkJ2h8Dv5ZO25qLZO6N0zbdrqujjyUL7p7lw1PumKQyVFGIqes3JS1WR+1LoDod3XX9APb371uUCq0xJpXI/2Oj7li12jmCzvLqOGEiOXR+m5oMA5o+DnoFKX+U91RLJLuT4y/LXv/rKqmhIjyWyuyabMY1ibeFpF2zW4FpaQaTdTIb349pX3VZiQ8MUn5Af4OhcOV7WGngXs8J8qMSAceuOmjdHR38zvpOn8+2/kl1l8qNv0mjTtzunbK4ndMtPDGFSjh3TDHFkVqZAxGuXKcmxJN/ZfcDY7oabiBomp8SnA/Lpfa2fNFma2V8l0g/DIKEj5Ef6q9F5q/nJtrbW4qbZfy16S3v8b9zznw0+dEU28OtMrKToNZTZOkplyENDr9WqJK6NVPrkAF/ZTLy7N3SbbdrPFT4eB/Zwr0Yx84pbMLTf9uktpPJ6ak/aOH5jo/3V2J2pu2jxm8OvtxYPd+2avmky+AyNLl8RPFMyOYop6SeZYpAtz4m0Oh+oU8eyabxrfsnBSQeRFPy6EUNxazjx7WVXibgVNf8AB0b/AAfX9THG9RSxOk7QB1WSNljjLXcPHdgpNgBqPpUD2/BMWUkDuA/w9Pm7yiOe2v8AqHU3A9YvnchNLW0bwtINDzQrpRGErqsqzhggLHixA5H9LD3eJ2c0Zf8AN+3r13crBBRJq/bxp9nXDf8A1zgMViKupqXoaGix1OPPkaqox+NgpYIU58mVyjGkxsbKt5HJGofUk+3q91FBP+r06KjddviSGg9Tw+3rXr7j7f8Aizj+8Dnd9bsm7oqNt10tLtDqfqHbdbuwJmXDRVlS+erKmko81U2jSF5ULKtQz+GIpGskhtFabi0BAURq1asxoaelOg1d7tsovo38V7mdR2xxLrAPrUYqPt6UGQ7Z+VXYztk+rPg1mNt4qqiR8Zmu4txUO1KWOlLMIRFiKr+71VoKtfSshJPOoi1txbTt6kNcbkCR5KK/zz0/Jvm/zim38vEKeDSNT+Q9Og1bqv8AmGb33BtbMUOF+NWzcvh8llajGUdHUS5Sth/vQsNLWjOU7S55qjFSS46ncGX0LLDFJc25NY12ZFMeqRqU9OiyWHnqaVbgi2h4gGleIzx4/wCxw6NcPjV/Mhzz0NVu7dvxuz+UWnq2gxOCxFPQGrip4RKaN5m2zjyGZJLGIuVcAC3A9vAbN8ItpKj+lx/n15YOdApkbdbcg8ezz4en8+lNsv4qfzDOsIo8wPjr0X2lteWq1ybfxu66b+IQUmpvLTY5mzO2p6FYZ1UwKRPJFGCqGwVQo+l25qFPEX14HpJ9VzSmqN/pZCMea/5KdI/sfOwdc4Ksy3evxF3F13PjKUZjL5vFZaSsxmJqIcm8VZ9uw2k1Aj1k7hyv8Qp1kWS7NZnf21NtNtcFjbX6ayeDChPSiDmXcbCMDc9hkKAHuSjig/2Oihbf7L+I+6a5aKHsCh2PNXiqjjnz+Grlwv2Fe6lsRlavETbgwD0Mc4SanqBK9RTqJadl8fjIQzbVfpQ6KgeYIP2fPpTBzJy5dJo8Tw3bjqUihPH5Gn29WhdQfCv4qdsR4rd1HQbB7GxtZSUstfiqSuwO8sWXWkWG1XFR1NZUUlR+yWVy4DgjUv6gSG6SVH71ZGxXiDjo9h+haJkiEUsRwODCg+2v+fo89Z8dOq6TBU2KpNt4nHYqjghpqOhoaSmx9Fj4aWGWMQ09JTrHDApDXOlVF/p9TdMFYoA7Vz+zrzylXKIgAA4fLrUp/my9U7U6x7p2zhdmLTMMti8pkqumx15hRg1sdNqqjGG8UYAdtTWAHP8Aj7FGxgmKQVBFR+XUZ886VurYqpDFST5ft6InsXYmSnplyTUM1fiMgox9Jk6RkloZqilI+8NPPrSSco5IBChWYCxPsXaFjTX+HoEWkUk8qrp1A+vVofxO6D3DuLsDqDKrtvFbv2puTIbiparGZeOaDFT0e0q6gzFfiK2qgWOoppMnSygwujraV7g3HssuN5Ng9w7UbQVIB8wTkdD/AGfkpt3TbfCOlZvFDNnsKcD8wQcdfUd+N9Tsis6H6nqOt9vDaWyG2Rg02/tcII/7v0kFIlPLiGCllaSgq4pI3cEiR1Lfn2ZLdC9VbsE6ZAGFfQ8B+XDqPdysJtrv7zbrinjwyFDTIqDxB9Dx6Gz3vpF1737r3Xvfuvde9+691737r3Xvfuvde9+691xblT7917rD7917r31FvdgeHXusTfX+n4t/vvwfdutdcffuvdf/0t/j37r3Xvfuvde9+691737r3Xvfuvde9+691737r3Xvfuvde9+691737r3XvfuvdVb/AM27bY3B8aMYzqHipd+0VNMpH9jLbc3JQrc/QBpmVb/7V7D/ADPH4m0TCvBh/lH+XqXfZG6+l58tWPAwP+0FG/59PWqz151jtyowe2MbkoojK2NrBM8KRyz0xjyskCXVFcq8Zpr+rn+nuMrOIRxW5WlXXP7es3/cq+a/vIogtEXvA4Vqq0OfXPRDf5k3XNHtj4/b2kqFNbNT1eITa+XlikhNTSVe4cetVEQQCK2lR/GxPOix/p7F2yK8W4QqTqQhtJ8iafP06xk9zIQvLd7Ky0kOjz4d4x1Vx8Dt79x7d3XLiNk9o78wlBQUNTPjNvUW5cnUbYpb1nklNPtaumrNu6JZDcj7blrn6+zve724s7dWt5mUgjgeoV5QsoLu9eKeIOuk49BX/Vwz0ZHv/wCH2E7axm49/wC28PT7a7bMeYz+XpsT9xRbd7DyM0kuVrPvsGk38Nwm4J6gyPDLQR01LPM2iWA6hIpbtvNEwlSG+VWjY01gUIr60wR+VehXvXINnPbz3m2FluUWugmqtTyFcg+nHovn8vbofbfd/d9JQ71xj1nXvXuHqt6bsw7+VY83PT1lNjdubZrXBDpRZPO1iPVrqVnpaeWMfq4EO43Zs7We6rXFF+04H7Ogby7to3LcoLMrSNas/wBinh+fWxfvTIUNHSS/sU1PFSU0MFPEsUUMNPTU8Qjp6WnghCwQ09PGoRIwqqigBQAPcceOWYuxOsnNc56nSNIlSGNF7KUFPIdEk7O+SNPsTF1b41aeXIxqzCaolZaejjjuDJJFARNUlfokSEaz9WABPvSeJdTBF4k/6sdL/Ejs7R5XbsVfs4ZqT5D16JP15jPkD8zezIMVlewN6bU2O9QJ1fGVlZipKyJ7NAlLRUFRRU0McsV2XV5PwCWNz7kDZtps0mSFmrMQKmvA+g6iLmPdN53K0luJoBHthroQr8YB+JqitKft6Jt8tNg0ewvkrmtob8bfWW2N13ura2EycdZlZ8/u2bZAkxtfnZ8ZW7gqTC+UyNBLUvSeV0phOy30qCfZ1ciGPdo7OQUiAH5jqPo9sgstquLzbraOOr6mEahRU0BYhQAW+ZGembp3em2Nqdy7+3J0v2Z3r1RtmKu3ZWdJYzbmSkG8o5TuPHU/XeE7ANDINp5lKvB1kpyqRSKitA4jkLtDFNbcbDaZJfDdDV2ogAySTj5j7a16c2G/3gNPPa3D6Eyak0AH8mr6EU62z9g939obTj2t1n8mvDV5fcuLoxtvseloloI6nIVlNDJBhd500Ua0NJkahp1WKqh8aSyelkR7agnvmzNtTMusva+f8Sfn+Jc/aOpj5X5gbdEUSRhbkAGowG9aCuD/ACI9Ohe350n1L2/0NvPG7+pcTmshAmRifaubpZamOtNPIxNTRVa/8W6tSms0M0DRzIwBVgR7JoFa2j+ohnpMOAHn/k6b3vdb2Tmm32a7sfF2OdVqxp26h+3B8+tQT5Ndf9r/AAW7bkoOr+wN77f2pu+jlz2zM5iM1kcRU1+Ied6KsxOaix80NNVZ3bdaViaUpqeOSGddBksows5rbd7USSwo7rhgQDQj7fUdR5zFt95yvuRgsriVLdzqQhiKjhQ0xUH9tehE6z7H/mD5rHV9DjvkL22j5mkj89O26dzbkzlFT8SIsGQlnnqMBKUPrNPMjfhvp7I5t32WCV4ottWVuBIVQPn+XQx27lXnHcLWK4n3v6dXFQrOxI9OHA/KtehFG5/5r23tu7l3Fs7v7v3NYvYGGq9xbopaHe+5my2O2/SGWprs1LjstU1H8To8TTBnl8Wp4oVLaCAT7rZbnse4XH0v7tMcvzHb9lQem985e5y2O0W9O+rPbmvwN38PRlz+3qB8VcX8vf5k3Z8+x9/fIHtDL7EwePps52Xu3P7nymVoMBtVKlqaipcVipamKgqdxblrI3jo4rKraZZpbxxFSaXzW2zxmSGFRITQU4k/bk0H+WnQb2SHc+Z7kQ3t7I1qgBapxnAAAxVqedaCp62Rep+ruhvithDtzpnYe28XWpRmkrtzZHGUOc3rl6kxmObJZTcmRglyL1kpBP7bRRRk2jRALAFz7hdyyElqswPHNPs9OpnsOXLAQxRrCY4Y2B7SVLU4aiMsPkTTpMdl9h0eLpMectBl8pls/U/Z7Y2ng0+73LuitFi8WOoWZClNCzKZqqZo4IQRrcXALllbXN1OsFslZDT7Pz+XSrd9wstpgmuLiQBR6cceQ+fVQ3YXzX+YNL3rmujPjxsbrrae+aDF5/J5eLOHGZrLY+PaW2a7eG4/vc/uvKYXatO2B29jJZJQUYPIpjiEjlQwwtuXX+qFu8tbjTVqYA/wk9RTvXPV48PiW8SJacAWqST5U4Afz6THxl/mZ/zBs/kdi9jb07A2RN01k+5NodUbhy2Y6u2yr0eQ3Ri5c6s0MeLx+Pn+0hwKtUlzPG7oh8YfS5U2XY7eOW28ZysUkoSur1r6j/L0Cr/nTmE7JvNxtixvew2zSIpU8Rw4Gp6vU+TH8y7I/ErtDY3X/aHXk2b2Fu/bNLUv2ftSnOJi/iMtSYpVjwOQqK2jyGPMLo/kirElCMCY/wCiTmPapdtmjXb5/EiZK0YUbByK8P5dPe0/O29b9tt4/O22LaX8dxpVo2LxlSAQ1D3AVxWp+zowmA79667j27Sbj2tm4MxhJb+WDxgPDLLTN5KPL4yuiD0sjRTX0MBrFiCy/UCi98RyGqHByPOvWQK2jLGGADRMKqwyGB9OiFfKz+Wt8fvkztbc27diY/C9Q9tY6iSvpt47Yp6fGYPK1NU8q0dJvfa9D4sfl8ZVVKiKWup0jyFMHEgaRQUIl2+6uFtbm4jl1W8OnUCcgMaVH2fLA6BW97Ht97NFC0HhXkgOh1FMqK0YcCDxoc8aEHrU83DX9s9B773DtmCt3DsHsTZeaqsLmIsPmK7HVtFkKJ9Ej02Qx9RTvU0tTEyy08ytpmgkRxww9nsQjuY1eQh4iARUDz4f7PUWXbXu3TTW6lo7iNqGhIyDxHqDXHqOrOfh78tv5hnf+49m9etvHdO5eucVuRMd2XvrLbd+5nxOErHWX7at3xkBV6a+ioowIYqONqsrMC8UhCv7Q7ht+wxhWuVWJifIkE/7XP8ALo42LeOcLuQx2ReaMcSyg0/25oK/aem35dbMxW0Mli8T25n6in3huyllyMONx9FuPNZ+sppaqSnjYV+RwtBhJJn0tqNVlF8agkXNlLu2m0cabMAAYpQj889Ncwx3kcqpuLu0zipJIPnwwfI4HR/P5bvx82d3P8RcTtKXYFDR0O1+2K+vqt25aUZLcO+8fRZWXJ0OMSaBIaPCUENTK9OIqNWaV6dnkkclVVPvO6SW3h2imiUqQOJJ9T6fZ0M/b/lzbrnbZtwvlZpjKQleAVCCTT5kUr0Nu2d0ZLrvsbaHxO6mx1bhodk7prJt6boyEFO+XytaRRVVXjMdTeJocfjPOqLx6mA0rZSbxZu26X13epbRHTKZAD5nH+TrMDlP232nZ+R5+aNzYPbm3JhQYAqT3sRQk+gGBTrfW6U2sdldR9b7We/nw2zcDTVl0WMmvfHw1GQJjQBULVs0hsPc128fgwQQniqAH7QKHrnNu139dum43nlLO7D7CxI/lToT/b3Rf1737r3Xvfuvde9+691737r3Xvfuvde9+691737r3WAixt7917rr37r3XB/wf9h7uOvdY/e+tdf/09/j37r3Xvfuvde9+691737r3Xvfuvde9+691737r3Xvfuvde9+691737r3XvfuvdE6+e20DvH4tdkwJG0k+Bhw+6oFVS7AYHMUVTWuAOQI8Y05J/oD7Ld3h8fbL2OlTor/vPd/k6Gnt5ffu/nPYJy1EabQf+bilB/Nh1qj7B28+Ers/UaPHHRZKrhibSAXiM8lXZDbUC7TcEH6e4gtzJGxjp8Naftr/AJes6uY75dwvbWpq308S/YQKZ+zoof8AM8r8fu/4pbrwU0MX3NBJR5qjJiCzU7UWRo0k0yRjUWnFQL3OlrC/09iXab1xfW8ZNQTQfLB6iP3D2NpuWt4lU1WOMOfnpI4ft6o1+CVLHR9uYxkVhRZKlqaWMyIyazDGjhYwCbKZEf6+z7mMa7ViPJl/wZ6gnkxfDv46LhlIz/L/AAHq+OTZ8AqEqKVVH7iSg+k+hLM9h/vHPHsCMa5Hl1M8SClBwHRBPgl19U7P7W+ZsFPqhjwHZW3dtrAgBBo6jM79zVNHbgrGYI4tP0+g9jTeJml2OxZm4lTj7OPUZ8sWa2/Mm/REUILAfLur0d7stMhPT/aU4uzwhABcftWsX0i/9oDj2DlZQxrwr1IyRAKrefROZ/j225xWV+fbzyTTM6UbKRC4N/D5JFJuqsRdSOSOR7Ux3/guDEoGcHpabSK6heCRdUfnnia+nn0c342dXZTYk1JkKfDtmGpnHhqMf4afK0sepC9Kfu3aDIQWJ4coyc6WHsVbffmMrNGe7B+fz/4rov3Db7e5tXsLpQYKUAPl6EHiOlh8rPgx178w8hT7teh3R1z2TTUS4qszMW1nyNNnMbTJLVU6ZXG01RKldLj0hkMUsMwlVW8ZJ1KvsS3W42m6JH9RbOJl4MuD/q+XUdQ8oSbaxFtfxtA34XOPsJ/PB6T/AMZf5UnUHx63/huxOzqnO9tVmAlhy+2MJTbTG0NsDKJMv2WQz9Nk6mqyM8lHPEJFp5NAuA5Rhp90tbrb9umE5jmnm4qWoAv2DyPSd+Vr/cIPAgube3i1UbTVifPiOIz9lejX/JOv/wBME1LhajFbfw1CakibGVFXVymsigljRaaTKYpI6ihldQWV4VVo7ggkgey/d98kvHGqBBDSlCSSa/Z0K+W+SItmRrk3csl2OBCgAfPS3H8+o+ydn5XNYHa+A3Jkals/jGfF5Ctgv5MnFRQM1Nk5kd1LtV0ax+TXzqVmYW9gu2Je7a0NQVJrTgBx6F08sESS3AhRgaFajhmlPtBr1U3/ADoto4HEdKdRbp+3gGSwXalfjKeYqGkmosttioqa2mjcqNcL1WDp3YfTUgPs/wCWGrPuEAJ0FR/l6jb3KCmw226IGtJvzpxI6uu/lN/HrYP+hCDetdgaCrzW8qSqq5K2tphOyQuZAkCAjSVv/tv8PZNs6IpuCwGs1FT6Akf5OhrzK8lbOONiIQiNQY+JQa/z6d/kx/dP49bR77zdbhaCjR+kOznoGFMixVFUuz81UUUcqCK2ieqQRkWIN7Hj2mjpDvEMLCglKgU+Z/z46puET3ewzXSMT9OC5B9FBr/LPVXv8lDYeKxPw6qt8YyIDMdmdobnGUqIo7TVNBsuiw228PRo66bU9LLUVkiIbqJZ2I5b2JuYVZr+1j1YC1/nT9vQH5G8JNommVaMz5/ZX/N1YXF1xMa/NZnKTzzU+M+9rp6OkslVUpS6vHSwtLZGqKuRAqqbctckC/sM3A+mPcO4kgfOnpXzPUoxXamKMIuSAPlU0yfkOkL8eOvq/A9w7u7N7kx+SXcuemloduVNVT+XDbR2tFM4pNsY2WnmrMcqxU4SeZ4WPmkfUWLX9i3Yp7WxZRIjh24sRw/MVHQR5x2y83azH7reNoo1FVr3M1PioQCM1AB6qj/mq/yy+xs52fuTvrp7H1XYGxew6mHO5Kn2ui5LNbdzMdJFTZD/AHFQM1VW0FT41kVolZ4izB1As3sS3nitcrum2OsjFdLJUZHqP83HqLl29bmyfbN1gkhdWqDQ9p/Z5+vDoqPwi/le9/8Ac/YeBxmYwO89o9X4/L4jI7+3NvWiymBxNBi8XIp+0xGPyYp3r83NS66amEcRWAStd1W4LMNvuW43dvPer4NrE4alfMfKvn6+nTZhsdjs7mCzZprudSooPI+mMfl1sEfzGOo+u+zto4nZGXhgi2xt2koEjzBlSCsjNBCIYqTCkg1FTVmnjCFkXQoYkk/p935g3BJCqodQU8Qf5D/L0L+ReVnaCW63FNCuCNBGSPIkeX+Hqs/4xYDdnUGQym2X/imW23JeHbWakhqUkqsAZGNLj8ppvTz1OPkAEbre12tYGxjDdI0nu1uoxSQYYD/D1LWzbdLaWD2KSFrdalKnIHkPy4GnEU6t66665zO6MdGtQ0jFqlHhOtyxpWgjYJb+yiNI35+vuoDMMHB8ui+8kVH7hkCn59UN/wAxn4k1G7/5ifRvUmDc0uc75291nhq+uQKpiI3Lmdt5DNObcy4zauOViTckUov7GG3TtHtasxqI6/5wOoq5k2+O+5gh0ChmVa/kSCf2DrZm2T0H1X0VsPC7E682vjMDtnauNTF4bH01MgcxRKVlrq2YIJKzLZGW89VUyFpZ5nLOSfYblkZ5HmkOqVuJOehxaxCNIba3UJaoMACg/wBXr1rA/wA2qtGf+U+NWPQuP2NsnAx10paMRQmuq6zIf1EnmZZVUqoY25Nhz7EuwSEKCzZLf5OgDzlAWuiUXCIP5n/V+XV5P8m/ZMOG+G9FnKu0tPUbr3tUYqmpomKU8DZmphlkDEs0oGRop3UixiDm1wfbu82kcl28sjUYKBT8q16GHIblNhtYgQQ0rkn07qU/lXpbfFvpF+yf5g2+8pV0xlOW7D29joZDAQqUcsdBX5OqBIIHjx0LFiPrY+462i0+s5rpp7Eep/wn+Q6yj9weZk2L2M261icCQ2sg4ipYkoo/3put0MAKAqgBVAAA4AAFgAPwAPc09c2eu/fuvde9+691737r3Xvfuvde9+691737r3Xvfuvde9+691jcfQ/7D37r3WP37r3XiLi3vY691j082/wvf/fD3frXX//U3+Pfuvde9+691737r3Xvfuvde9+691737r3Xvfuvde9+691737r3Xvfuvde9+690057C0G5MHmdvZSIT43O4vIYfIQsAwlo8lSy0dSlmBU6oZiOffqAggjB6vFI8Mkc0TUkRgwPoQag/ketS/tjris64y+/9tzwacht3d1dgalo2OpmpEMMcgQgCVahIg4b/AGr3F17afTXFxGR8L0/LiP5dZtcr7uu/w7fe6sSwK/2GncK/I1H5dVbfK3rzOZzpfszJ5QTDF0O0MxUSXQycU9PJURqqHhi1SkY/2w+tvaGzjmTc7IxjsEgqflXP8uhjzX+7X5R5hjcVmezkApxrpNP2mnVJ/wAa8PWbJ7E2iK37iGTHZSSjrZZo3SOQ1xmjg8CEAfZyfcAK1ySynjiwGG6yCS1lGO7h5enWKOzWL2F9BEynxYiAx8jx4fLP7a9X8YariqqKlaxBKospNhrIsAht/qrfj2AjgED4q9SnG1cgEA9AV8eNvJt/5Y/NfaTxaKbd+1eke58dAVJ8tPFU5HaWZnhWxZxTZfcYSQ8lSeT7FxZrnliAg18N6H8j/sjoBxD6PnS7alBPDUH1wCf5g9Gdz2zxW1CSeMkFTGAEKlefq2r8j/b+wr20oepAiUulB9vUXE9fCFJVeHUsulQXXS4sCPSCB6VYXv8Ak+6Rqpqa8T17VJDRlXhnHD/i+hH21jcnt10liQNTI6sU55PBIJCk2DD6e10LSw9yNQ16dFxHcVDp3EU6Mph+06+np4IolaPxgGwsFT6FwNKhwzFR/tvZmN5uVUJjHSYbLbOWeRa16Yd37vqc3TPFClQ8r6rBFeUSO4PoEkeoC7E31c8k+9G+uJiAAa/Ifyr0aWW3W9uSxA0j1NMfZ0AdNtHL1+4qeuyk/wBuxkiaKggjTzsWmAIYi2kn9JcG4JH9fbiwSsQ1yaj06UXc8SRSLbr2+p6NLW0lLtjG1u8NzSxY+kw+AqqvI1tVdI8XjaShlq6yqnaFYyIY6Kmcr+oFVINze1ZmKTu6L+oy6f8AV/g6B1F8Ixhv0lYn7SP9X+brU8/mE9/Zr5YZHqvaWFo51xG+O8a6n65wKRss67b2xSUWCjytVTpqLZDcWT3PNJKB6YvEsQ4j9iHabcbfbX1ywGsJn/Tcaf4Oo75lnfftz2PaYq6JLkAfJQQCT+VT9g63Qfhpsl+qOqOv+vopD58HtCjp68rG3+UVcFPTffuXN0CipmZxyCeLm1vYath4Q0qe6hr8/XqWd0jiuDLc0rGHCj5ChC4+wU6Bb+ax1ZW7y+KfYO6sVSA1mP2luDGZEw2ArMPlaCei0ykXMslPLPq/BEer62v7dmgBSy3EL+pBKK/NdQr+w5+zovtGEybnsurFxA4Wvk+k8PkRj7adUG/yZvkDSbM6Z6b6syzJHjcv2b3Fs5auokSGDE75iye1ty4SKeV0Z4o81jNxiEEfpmEZNgWPsT8wQtJLFeRgEqmB9tCD+XUWcm3YjspdvmYj9SnzqKilPQ0p+R62ScztNGnTJwUUbx5iKWeTXGZ4pIyJAFii+khkk/UOQF5Bv9AxdhZnti6Cmqv8vLy9epFtJWSF4dRotB/xf2Dh0RjeOL3Ltbd09bhJa/GxT1FSTS0s8hiGuxkT7aQvTSeSNubhiR+rn2ndZrOYywsaN5enQ929LS/sFiuEViunJGf2/b0IO1ZKTdFQsu4g8VQYo4/uKOefC1aaAFJkGPemjkJSy3IJ+lrWB9qY9xDEiXB8yMf4Oi6+2tYK/T5HoRqB/b/g6NPs3aXXmPVpXqdy1n3XlNTHPvHKVNLWJIBoSalmklgj+3cEo0aq5vZiR7N4dzs9IJlZvWrE1/LoGXtlf17EjU04iMAj7CPXz6DnsjrLbG5qFMXhcAss0cb09LVSeSpmjEjMxP3NQzTKxLkk3F/pcgD2gvdxSVWSBDXgMdGG3GW1k8W5nGeI6jbQ+OGOoqaGCpoIbKI9cJiVQ40lTLKAijUX54+pHPsmEErEsSeP+qvRhcbyKgRig9ejP7c2bjNs0yU1PDEioLIUANwFtYGwJC/4+3wmkFQM9ElxcPcNrYZ8+qj9+7Qpewf5z/VmZiihqqboX4q57d2TvH5BS5XcGTz+2cAjcMIKvVuhaiMk3AUkf4HBbwdm0+bv/m/zdEHh+PzDA9aCK3NfkWJ6ss3fVw/aTvYlmXUCzA/RStwfpyT/ALceyWvaaHoTW4bVQ9acvzm3FBurvTsvNR07ywJk8zgJ5qgq8UqUlIuMoykaKdUqFA0Tk8FuPZ5tb6VEZPlX/V9vQb5iswyG9K9utkPnUFSAfyPDq7j+Uj2HW4z4zYXac2S0vRZjIwmgljCS0oqJf4iqu4J+4eobIyt5OCRYEDT7pzDcSHcEAeitGh/lToX+3O2RnlhXZCSk8o/Ktfz41/l1sP8A8uXqumqe3uwOx2xyouGWd2rnjDebMZuBMdRoj2trgxVNUE/ldY/r73ypY6bvcL1lzWlfUkD/AAAfz6JfeXmB22XYdiE9QSW0+ioSf5sw/wB56ut9jnrHTr3v3Xuve/de697917r3v3Xuve/de697917r3v3Xuve/de64P9P9j7917rF7917r3v3XuuNvVf8Aw/3n6f717tUU691//9Xf49+691737r3Xvfuvde9+691737r3Xvfuvde9+691737r3Xvfuvde9+691737r3XvfuvdUPfPjryDH98bpqo4fEm+NoYLd1EigBajI4tajB5Yrq4MlqJJHA+uu5/HsGcxQhboSU+OMH7SpI/wU6yM9pN4ptKWzPmCcr9iydw/KuodVk0+2tt7zhq9j7uX7nA5WWGiyVGyeNamA1UdUIXdW1eHz08bPxykdrcn2SWLRmdQxz1kFuFr41lJIiAkrwORT5j/AFZ6oQ7y6uout+2quDEpCuGhm2rXUc9GHEYjhqstXQworaFTTFXR673JdGuzG5JjfOKBa1qCf5gD/B1Au7WJt70+HGQAqj8wWJ/LPR+drzGSixcjc/cBZlYWK6XCm6jVYG3sLTppalPPo1tpA6IPl11m5sf1r8qvjL3FXyRUe0uyoNw/FHs3JMQKTG03aiJW9X53KOSIoqLB9iUdPd29Mam9/Yk5bYTxX22Oaa1JH2+f+ToH82RtZzbdvMan9KTS1P4T/sVH59Hc/gU9Hka3HZKlaHIY6rqqGupqiIK9JWUk8lPWU8oZRaSGZGU2W9wfx7DskbxzSRutGUkH7a06HcEiyQxSQuGjZQQR5giop08YzD09Q7DxAtZjpWMgKtyOf1A6h/X/AHj2nBoxNeB6cmDKBnHQh4rDUcemCpp4WVwpW8TabAgXNlJUD2tSVe0HPRfpYuSCQOlLFtrb0ULPJRwizBmGlBYliXcOynjn6f0+o9r4pLcV1ID0pD3DMumQ9N9ecfEqLiKWGnQxOrt4iXhZQgJSRXAQyve9gTYnk/hR9cqgiJAvSlIzWsshZvt/yfLpK4qGlpcok8hjNUS0kI8TNoCIxAhkUhlk9RC8mzNyfwUbXZ1lgxH+r/Z63cKXjNR2cDnoo/8AMH3vl8V8UuxaPEVDHJ7vrdubIpqWlZ45potx52mppIAqN+5LJSQPFa1iHYcgm+9qZprsmQii1P7OiLev0NvkMa9zDSD6E8fsxXqjz+X91ND3l80aPeMsSZHq/wCKeCg27h6tU8tDl99ioq5shXUo9UczTbmq6ydXUeqGmhJt7FO7XAtbGO3JpK/e3y/hH+X8ugXybYHc99uN3p/ituDDEfItTvYfYCR/tsdbs/SEs8W3K2Wqp6eVmjKsUYoREyOSzA62dy6gG3BP449kVi58GV2AYmo/LofbtGpuLdIpGXI/b/LpbdpYfGbu6ozO2cpTrU47dOLymEqIlp1mgEeRpJaSxKoAjgsWsSTcBvZihRrRQ3wsSPX5dFqLJHubSI1HiAbjk0z/ALH8utDHp3aec6c7J+VXQVaaikzvVfYOF+QmxqZNUc0uNw+XbZG/5KByOHpKfJYOqlF+YKCRvopPs9R/q9pidj+pGCjflj/Meo5vrM7Lzde2qmltM4niPqr91B9ncOt6PExQZ/ZmDyUc33rZDEY+tp9UMiIq1WOhrndJF/zZ0ysrEE6j9bCw9huaLxYmIatBj9nQut5SkrBl0+v7aU6L/vLY9FmJI6tII5KiMlJnCxkroAuU4HkQJ+C39OB7L452IAfJGD0MrO5NsGQtRWyOg0outqNal0ikaN45HZJAzGUw6QzFrBuL2ABvxf8A2L/g2kq1U0PHpfLuEujWBWoH7ehLw2xPCVTzNIrab+gAlQRpJ0kLza9zb2nFlHqqWBHRRcbg7fhp/qz0Pm1toxwxwqsWt2t+666bG/1JdVFrDj2vghTyH7eiCabU7sTjpeVuCSmgEw/z+vn02UR6S4JYlTqLjgf0PvcqFRX1/wAHTcb6m007eg7qZxHIFkjaMM7IJSdIIP0N7kKgJJN7WA9oBVnCqMk0HSuRKKWDdoFfs6q3+Hk9P2h2t8w/liylsP2L2ZR9RdaZFrMKzrjpmkOLnraVwSDSZXc1W9mBGpqY3+ntfuhEaWtqDhFqftPRbtMbSteXxyZG0j/Spj/DXowvaO6ocFsvP5mQm2OxlfVaSRYPHFJ9urXYf5yVlAF/qfZMMinn0IUGlmJGKV61qu4ugMrldv7m3s9FNM1ZVxZXJXDLEtS4qMlLJAJ/25jUUsYdgNV9JIIFvZvbll+mkX4CxVv8HRt+5kvtk3ZmIMyxrIqmuStSccMgZ6P78LMP/dxNoYjEs6U1bBj6vUhKhnnF3ZlPqDmWRzyb2a39PZLuU7y36rktUj9h6kzlzabXb+U1KRBY2iWThgl1qf5163d/h3sSg2V0ftupp9MmR3h5t05eq02eSatcw0dOWN2ZKPHwRoL/ANssR9fclbVAtvYwKB3MNR+05/wUH5dYW89blLuXM25NIf04XMSD0VMfzNT+fRpfZh0EOve/de697917r3v3Xuve/de697917r3v3Xuve/de697917rGxBB/wP8Ahzz/ALf37r3WP37r3Xvfuvde9+691//W3+Pfuvde9+691737r3Xvfuvde9+691737r3Xvfuvde9+691737r3Xvfuvde9+691737r3Va38yfrzNZTrzafa21qdZ811tmZYMnCFJNZtrcQhp54ZW/SIYsnTwAauAZifpf2R8wWzT2IljH6sTavyOD/AJD1JXthuMVvvsm23D6YbuPSD6SL3L+0ah+Y6oQ3HJistTjcG3clFTZmKbTlsBOr0lZQ1BmKPHIG+iqx+o5H+tz7joVibx0fNaFT5dZZbXu01kTbblCTbAdrDNRTos3yC6hh3ftKnqsvjMfSZWt/iiY2uootM7fs0c2PFQ9rTIJqQrG176XIH6j7WtdyyJEzU/2Ogrv6We5JcSWcDKUNSSa49KeXQD9dzS1W0MYXASqx0Zp6qNTq0GldoZoyRqILSJ/sAbe2JYmaNiSKgeXQHt38NqE4rToVdwdd4LurrPdPWe5ZJYMfurESUaVsIArsLmoZYqzb+4sVIjGWKv2/laaKojIsbxkA8n2nsbmW0uIbhPjRq09fkfy6NL2xh3CymtpR+nItPsx/hrnowXSPYeX7n67rG3d4qT5G9GJi9ifJjbFyKzK1OMp48dtLv3Ao5NRktl9r4WGnqKurVWWmzLTLIV80fsT7zZpfQru9jlG+MDyPr/kP7egjy1fybdcty1uZ0zIT4LHgyE/D9o/D6jHl0NG1ZA1TI3iSSF2jK2BDErdmElwQQf6/T2E417mqvb/qrXoeXCBkXJDA/wCHocqDDRVEcTIvkExDqqKCVuCXvYAoq/T8C3tYI1IA0mh9OimRtOuuGX/V+09SKra1Q8Fo4gwLeRSbprRwxYXBNyCvH0P+v719OSpp6+f+r9nW4rwK/c2adIuuwE1jAreFxzFEFcPIQbaYyI2Dhj/Wwv8A48e6xxSKQpbJ6XLcqKtSo8+H8+klW0LYuCrRl0/cIzapICZPIFUsUkLkR+g3AYkMAQAL+9SgxrJ6Hqol8cq2O0/l+zqlT+aF3XW1lDsz46dbFcx3BuiufPSQUTeT+5tA1NVYei3dnDESkFVDDkKk4qFx5Ja1o51ssS6zjZEW0hl3O8xBWiDzkb0Hy6CfMck+4TxbBtGbiTLt+GGPzZj5UHAeZoOPRwPgj8YMT8bOn9q7DpYE/vDURrmd216aC9ZncnDCWWpkP7jjFxelbnkgn8+0u43cl1PqkNWrU0zk+X2KMDoSbDZW212iWtqumBFoK8TStW+1zk/b8uruurojSYiGGMiQinSCWeNWIkPCvMAzr47sv0sfUbkEe3raqxlVyP8AVnp28AeTU5pmoH+T59CnmK41ODpoZIJIUjE8ZDaB4XCm0jsHMarK5t/qb2ub8ezGJiY4lPAE/wCDot8ALczMGBJoft+X5davf8xv4757rf5GbJ+VfXO1ZN35DD1OWrt8bLoUZZuxevchiZNu9t9eoEGqevz2yshNJRj6/c+pf3AvtVt17Ht90Y7pv8VnwfRWGP8AAePRJzPtM+87dFd2SEbpYGq+rJWtPtBGB8qefV6vRG+9s7q6s623Ts3ckG79g7o2Nt/KbH3SFQ/x/bElJFTQ1VcgJ+0zFCIHo8nShRJQ5CmmhcFkN015DJZXMkEnw5KnyZT5/s/wdJNvuo9zs4riEaZD8a/wuOK048civEEdCplsTGWeaM6fLGsnkpliFORyBwjoQzAEngcN9LDgsuI+LKcdHttcsQobOfPj/q9OkO2IlFQs5jRAq+pkIcNqVeCVUH9I+hHsurMrBvLo3EkfhlFJPSx2/jYnkSSQBSHAJNlZbXKhkci5uRb+vtVAzMTXgD0hu2qNC5FOjAbfggjNOGlZgQA2uJLf8FRm0hSwW35I/H9fYgthnVXH2dB2VGIei56zblWG5gDghNS6VKsupiQhUC/6b8m4+trcn3W7ArQdPWisV1kZ6q++evam49mdfYzp3qplq/kD8l8hV9T9TY2FmFVt+jytO0O+uzK8QkyUWB2JtySedqm2lagpY+hrVsoUj1Xk4/STh8z/AKsdV3Gd5RHt9sf8YlND8h5k/Z/m9enzZHWu2uhOo9g9N7QjJ2/sLbGP29TTsNNVlamnQy5jN1gJu1dncvNNWTEktrmIvwPZJfXDSyySv8bGvR5a20dvBHBGeyNaf7P+rz6L18hJK/K4naew8SwbIb13HSQ1CHUVXE45462vdxY3plVLOPyD/j7ZJKhKca9K7dfEkb0FOkf2nsnbuG6+29tdHglp66g+8yMgcSTSif8AvHi6WJEcHxyRQ1kJK8qVVQeAPZsZ47eygBNWyT9tT1I3LOzT3U0oljIRhppkYIp0+/Ezp2OKsxVZT0JEGGi1eQQDS0cR00aIgsNcjaQqr9XNreyuyjF7eeLSoDVP2n/P0JeZL+HZtm/d5kUKq6R9gyT9gFfy63DOrtvT7U652PtyqTx1eI2xhqOsjtbx1iUUJq4/+QKhmH+w9ypEnhxxx+aqB+wU65+bpdC93LcLxfhlmdh9jMSP5dLz3fpB1737r3Xvfuvde9+691737r3Xvfuvde9+691737r3XvfuvdYmUDkf1+nv3XuuHv3Xuvf63v3Xuve/de6//9ff49+691737r3Xvfuvde9+691737r3Xvfuvde9+691737r3Xvfuvde9+691737r3XvfuvdMW6Nt4neG3M3tXPUy1mG3Bi6zE5Kma37lJXQPBLpNjolQPqRhyrgEcj3plVlZWFVIoR6g8enreea1nhubdys8bBlI8mU1B/b1q/98dBHZPZO4Np16T0O4cLXtSS5WFFVM1gpGE+LybRMvjkWqx8kbhr3ViVvwfcYbnZvZ37wsDpBqD6qeB/Zx+desweX+ZIt/wCXra8UKS69y+aSAUZfsrkfIjoHtzFK7aM22clhklyeM10tHmBKGglpUNoKhkT9yKoEf4NruLjj2W3svgqEWOozQjgB8x05ZxSs7lZP0mGVp+3PVf1JhV2xuXOYmRTHBV1c2TgFiFIyB1zvp4ChpHN/wCfb9nIkkK6wakdBXcbZrS7liC4rUf5uhY2U8dDlFWUlZFVxTyrYKtxfSQxI16FuLckH2lkj0PICc9L4JDJEgBxUdK7f/TmW3ZlMD2n1lvXI9Q9+7LpKqn2V2bgqSnq/uMVWq33uxt+4KcNj96bCzIZkqsfVpIg1Fk5JVjTatzm29yQNULcV8j/mP+o9Fu+bLa71GqNVLlPhkHFT6/MVz6jyI6S2M+WFb11U09L8seqM30XmYH8MvbfW2EzPY3xu3TKraf4nbCw5He3Us1WT5JaSspq2jhJISWNAEBvJYbZuVZrGcRS1+A+v2eX5VHRHHuu9bN/im8WxubYUAlTjT5+v56T9vHqwDqft7rTsmhpsj1z2d1p2LRSRu8X9y974DNS8qDIHxtPXLmoGVrXWSmidTwy8+0/7nvoq1iDL5aTX+XHp4b9tVye260Mf4gVP88fz6MakdPPTrC1FVwVEhkdTKpMGkAXZiYJoUbSWAH9pTfg2AuljPShtm1V9Mf4COtC8t0bV9XEyAfxCv+EHoLuw989c9eY16ze289n7XouFirN37hw2AiimfQaZQMrk6OMMwB9WhvSLqbcBSu0Xr1CW+D/FQU/aemZd926E6pLoA+i1JPrwBr9nVZ3YvyZ3R2xT5PEfFXbp3PHUM8dT8gd64msxfR21qWcM1bX7YmyEdJmO2M/jImvDS46F6ATC00wVW9pLq327ag024TrPccRGnCvHLfLp6G93fdikG1WjW1ocGaQUYj1RPn5V/b0Urq3o7a2G7MfcP3uR3vkcVWnP797L3ayVO6Oxt/1IVf4tkZUWSOhxOJhDChx8J+2pV4BZgWIYa/u9zuDcyCkMeEUYVfsH2efn0M9t2q22qyktYwTczGrscs1P4j8z5DAHVrOwKR8hXw+C0YqIlaOXT5JrOwEmoEH+yLX/AEgE8/j26v6hUA0J/b0+qiKNtQqFP5dWF7SosxT4OZ6OHRLTxxoysgjaRQGJKM6kkSxAabAXHJ9nMUUzRPQ0p0V6rVrqJbh/02Pl5f8AFHoRamGpnxFGaimEUVSdc5YEq/kF5EDAHSyORbV9Df8AHPteiFEh1jt41+3y6Qs0CXU6xvqI4flwPRIfkdtiLK7YyVVSAnL7erKPceGcKjMKnGzhqinj9OrRUUalWUWHA/p7Qbip8OZAT4lNQ+0f5x0tsxS7iDAeG4Kt9jDifsOR0Rbrqj7O+OGSyu+Pj/tOs7U6J3tlqvenYnxmxVfBjNybN3NlP8p3H2T8c8jWl8Xj8tl9AlzO1qrx47Lz2eBoanSwc27d4723jstyqY1B0OPiT5H1XoK7nsk1ndzXW3Mq3PB0bCSf5m9CPmfWtifUHyI6T+QGNLdZb9xmQzsR8GX2Rn1XaHaO1MjDGgq8Zufr/PuM9jszQzOFcKkkJYEJI6AMVtxYSIniRkSRHIZc4+zOek1pucJk8K4RobhTQo4pn5HAI+fQ5fwyBQYW8kbpZWNSFjZFtwsmoDUI2+l+LX4/oW6ADUgj7fLo6WavcRVfl/h6m09CIjq8TgosZLaS0Ln1DyQmzXKte4Fit/p7ssVKtT/Z+fTbyliKMKV/P8+hDwbyFLF53eYaI0SOPVHe5YRrAv0NwDc6vz+fZjbk0IFa9JpiqitAAMn/AFH/AIrosvd3yr6h6iykOzUrantHunKK8W0ehOqzFunsrcVaS7RjMUVBJNR7E2/HM4NXk8vJSxQRamNyAPZgljqBluaJCPXifl/qz0XvuhZ/prFDLct/vIxxJ/1DoCOmOiN2UG8d1fJb5G1eJzvyL7AxRwVBisJOchs7onrPytU0XVOwKl1U1E8slpM1lVVWyFQNKnxKWkLr66jmIjiGm3XgP8v29GNhZPat4sj67tvib0+Q+Q/n+wBXbpBmrUiLegyrqJNhGpP0Fr3sP95t7I3QtIg8qjo3eTTGzDj/AIT0WjI4uv3PvrN5PHU7VR2vt2LbmIKI7PHkM/Uipq6lDb0SQ4+kt+bFwT9B7S3LEllT4gKD7ej7ZYIzLA1w2lCdR+weX7ehNy/Se3MvS7erN1DK0lXj8fTrUQRSFBVAFpBeKW/r1WII/N/ektJZYoxOzj1HQutuZtxtbqe3sHR4mOCc6aeh6Ph8TOqqXc2/NnYHBYSXEbWwktLujcBqyJKysocNOk9OKoKB4Iq/I+KJFPJDMbWB9ivYduRZo2jj0wrRjXJJHCv58B8uow9yN6ntNpvpr278S+uCY4wuANXxEfYta/Mjq9L2NesZOve/de697917r3v3Xuve/de697917r3v3Xuve/de697917r3v3Xusb3Nxbgc/T/if9j7917rH7917r3v3XuvX5t/hf8A4j3vy+XXuv/Q3+Pfuvde9+691737r3Xvfuvde9+691737r3Xvfuvde9+691737r3Xvfuvde9+691737r3XvfuvdVd/zFetpTSbX7axVLJejhm2puqop476aORmrMFVVJUXCLUNPAXPAMka3+g9h7mG0M1vHcovdHg+uk/wCY/wCHqWPa3eUtry82idhomAeMH+MYYD5laH/a9VBYXDJlHqJJY7vNKxdJTcMovbQLgMdP9fceTJrahHn/ACHWQLMLe3DA8fT59Fo+SmwocPn9mZrHRoPvMXkcVkwijxaoKqCppmcAcu8crKAfqB7WwRhfCTHz/b0D9yd5GaZuFegjFqSppHcG8gXRYLpWVNQDBiFZGsDb+oP9B7bu0CtUcD0xYSmpBP8Ah6NVtOsiqaSi9TMYTEsgUAB7oS5JF9S2UXv7TxMukgg4PSolgzHyI/1U6EoYhKmEmSDyQMRG8TJHJGysNLxNEwMciuP1K3BA9qFFVDaST1UZYrqH+r/VjoHdxfCz4x74rKrK7m+P3X9dlvTI2YxeHfa+Xd2BYv8AxPatTg6yVrLcnyaufrf2tguryEv4dw+keVcdIZ7GwnZDNBEWPnpFf8HTbT/BT414+CWaj2t2LjD5VH22I727voIJPE2oRNT02+xH9tNENIIsQONQIB9mqbruQUt47E1/1Y9D0WzbDtLyoPok009P9niD/wAV1jT4x/GrZmVbcGG6K2XlNzmVpk3Rv9M12hn/AC6EIrDmOxa3c1WtQpUASxSqyCw1C2kJLq9v5U75TTPmafs6X7bs9hC1I7dFP9EKD+0Z/wBX59Qexody7ho2hlD0UEURSClpo1WOmSKPxCOLxRx+KlnhW9tOi4BAvz7CF2JpmOtuPl8+H5AjoV2ot4a6TX5/z/aOg12dsUwYqpnsiU0lRxf9t6wROGlJBOoIx+lxzY2PPtanhwRCJVxTpUB3GR66z/IdHJ6iovA9KyKzFkijjlXkIKdlZEdw3EI545J/1r+3ITRkFM+XSefSVYYp6fb1aJtfCaNlx1E9Q1PJO6aUQ/tksDNGpLN+8zwghrcqwbgXNxlFAq2PeaEj/Z6AM13/ALszGqAhR/Lh+Wf5dK3JYaGr2a9TonFVTAS08kbhTJH4k4fSrJoAZyR6XLGwvY2e8BXsQ1CXAqP9X7ekiXLxbn4dR4bYPyNf+K/Lomm9cP8AxmangUeh4pY6gWUhwwKWkCga2YsebD2SSOZWRvxAdC6JtActx8v9jos2y9uVm0t45jbSo6USFaqlS4ANNUsSixm39lwykgEgj2HpoWhnJjBCNnpZchLiOKZyC5/ydOPbnxO6S7zkgre0OsMNubNUlOiUO7qb77b++cRoVnhFHvfblVhtzrDACCqNUukZ5C/0Mbae4hYeDIwWnr/h9eieeC2nQJNEjZxUD+Xofsp0F+L+GvbO1HFN0982PlB19iERDSbe3fmNrd24OlRfTDBTDsXDy5haFEAAj+8Y8Wve3s2W9nJAmhjcU9KdFs22WiR1heVGr5NgfkQfs49CDjvjr88qwrGP5gcFDRxrHasl+LXWv8R0udDPrTMxQLUre3Itfn2vguA1K2ygdF0tlp+G6lJP9L/Y9Olkn8v/AHXvFVXv75yfKbtjCyKxrNmbYye3+i9q5ESWV4K6DrmihzdTj5kJQw/epdT+r2sM+k0VQPy6L/o4zXWHdv6T19fKg6HPrLoXpb48YivwHR/WO1uvaDIsf4rXYqjao3BnJ1A/f3DuXKPXbgzsjkliaqqlGrkAeyy5uJJSF1VTo7tYLe3VaIA3HH+f16z7jrXNPLYtZB9OLve5IH4Fz9B/T2WSE5Pl0YoasCTk/wAugEzVbFB91WuwYLDI1n/LaSWFuBqXSAB/h/h7ThgKv1WRi5jiAxUdOfWW1a6j2im4VQpXZ2uqs2JVQCQR+UxUzEaRdfHGbXuNJ9pWtZDGk6tRz3DoQ20sOowvTSBp6FJ4vJHBVVErVdRMkcjy1AWV2JIjKIOQnjYWUD2YAsyLkkmn5npyzUxyTGgCivypTPVxPxa6o/0bdeQV+Tpwu6t3+LMZiV0tUU1Gys2IxJJuUWjpZdbrx+9KwP0HsfbdafR2qRt/anLfb6fkMft6x1535hbmDepXjY/Qw9kY8qD4m/2xz9gHRmfa7oHde9+691737r3Xvfuvde9+691737r3Xvfuvde9+691737r3XvfuvdcW/Sf99/r/wC8e/de6w+/de697917r3vdcU691//R3+Pfuvde9+691737r3Xvfuvde9+691737r3Xvfuvde9+691737r3Xvfuvde9+691737r3XvfuvdMu4tu4TduDym29x42my+DzNJLQ5LHVieSnqqaUWZGFwyspAZWUhkcBlIIB96IDAqwqp4j16cillgljmhkKTIQQQaEEcCD1VlvT+Wxk6XL1NX1Xv7HU+HqJ5JocRvCnrhV4yJm1JSw5fFw1f38MYOlS8EThfqWNyQ3c8tW0shkglKA5oRUfkeNOpd273au0t0t93sPGZRTWhCk/MqRSvqQRX06RO6/5Z83+jnfG4d87/8A7xbpxW2chX7awe3sb9pgqGuoNNc89TX5DyZHJSy01M0ahYqZU1XIbj3a35cghErPOzylSB5AHiPtzjpHe+5NxuM9rbW+3pDZeINRYlnauOOAoFfIH7eqF94YH+F1DU1nWaCWwDALIphJVgVIXQCRx/W/sLbhHpVR5g9D6xlqymuCOl917lDcLr0qiEtHfhZF1FjcXYqGPslTtc9HYpooRk9Gl2vX0tTGkU5ZY5HUSjWNKWYFXtbVrOngf8R7WBlFFrjpPMJFbUnEDHQ7Y6GgljjKGL6LpVrk6gbhgQPUCD9bWBHtfEVpxFOi4iSpBBr06VuKoZItVm8ojjCDSmlDoOplQvHdpDcf0te5/HtcukE6Tw/Z/qPVVZhQfhr+f+odB3ksdDPOf9xvldDoLK5V4jpsJ5IHRvtojYlQ2rUeFa9vbMra4yQnePnw+f2dLo10D+1oD+w/IHzP+D06CvfeESnwGUqYaYwxxU1SFVkA8ihWaXW7LG2onk2B/wCKFE0TUZtPAHpZbyo00cbMCajoBxJRx42IgxwRImkKQwkBsqql/pGvB+vIv9fZJ4oUsrGgJ+fr/LoS0A7Qat/KnS02LviHFzxx0ukSxTR6UlkEauwsDIi6P1uAV5PKf6/tXFJpKFRgn/iuq+CkutZGoKcQP9WP8vVhm0e0KmrxUGNd6aSGQCVg1/JAwCa1pAziOOKUIoPFwFsDYn2fpuEpRYKAqf2j7Pt6CFxtkIna4AYOMfb6E+pH+XoRa7sKWHDjFLIFoJVu4aQXHDFYVJuYvU12t7W/vB1hEVf0/wDVjpCu2xNcG5YVlH+qvz6CCWqSvrpY6fSrkrYrpN3ADFpGBUIgvf8AFz9PaBZP1cDo2joF1OcD/VjoNd8UQx2WwWfdCJfuloJ/Gx0MtSS8bSJxqjDx6V5Fi3tLdAEZFTUdLYijq8cZFKVz8v8AL0O+Bhp6ihglkQEShATcKHViGCD6hlVQLm/+x493gAGDxr0VzDuOniP9X/FdLKhwlLUs7hI0jsUGmNbsOFACOFURlSLaQLH63+nszSMPWuBTpHLKyBQAa9LegxcUcV5oQbi1ogCCqElXkayAGxvaxAb2tiOhRivRVPJqY6G/b/k66rEp0QoVYrGGEDFnIBIuNRBGoAngEcH3t5AFxw6bUPxBz59Bdm3hIZY/KqoSASxIvexYkAC3P0PsvdlPDA6XpqAGrj0Cm56sIG0etfVGAPqSPSD6uDf6/nj2kkevDPT0ecHj0CGbxWTzcX8LxFDW5LJ5KSKipKKihaeqqqmokI8VPBEryySslxZQSxP09trDLPSOKMs7GgA4nq/1EEMhkmkCRJksTQAep6MdtLJ0n91qLFvG1NNh6SPFz088Rp54JKVBFJDVQTKssMqyqdSsoIP1HtVFKXi8ORCrpggihFPUHo8NsPGR4ZFeF6MGBBBrmqkYPQufGfq6r7K7TWmnpJX2lteajz2Zq5B/kzr5PLDh4uSGauqYgpXgiMMw4Hsz2WzM90ZGU/TxkHPm3kP8/RF7gb8mybMYIZQNwulKADiFpRn/ACGB8z1dd9OBwB9B7GvWNfXvfuvde9+691737r3Xvfuvde9+691737r3Xvfuvde9+691737r3Xvfuvde/wAP6+/de6j+/de697917r3v3Xuv/9Lf49+691737r3Xvfuvde9+691737r3Xvfuvde9+691737r3Xvfuvde9+691737r3Xvfuvde9+691737r3XvfuvdR6umjrKWppJhqhqqeamlBAIMc8bROLHg3Vj72DQg9bBKkEcR1qK/K3YtXszs3dOMlp3QU2cylJGLjyOsNbKUbRZdK+JlsL8ewDvcDQ3EoJ7a8Op62C6W4sreQHOlf8AB0Am2lendBD6XMz6hcqQJADpbTe/pJv/AI+wwy91R0MUcEZGCB0Y3blU9NEroQz+NHtww1DkggnjTptzb3YArmuevahI4DA6a/s6HDFZlZBC5aSNyFgVHAZGJ/VpUX0m1/8AD2tWRdNfXHTDxMNQShHGvn+3pVLWyM8qSMyI5WOOzJK7IoUn6hLDXyV5IA4P9FMbLU14HpkoCFdDkZP+r/L1wRXaWdJR4omlLCQTBdVjpZBFqkdWsLsQQP6e6yPQsCcf6vLrbMCqaTVhilP8vUPc2KoclgK+jaWVYammqIJtTMyxwzRMJZizgubAlhfgcG/vWpXAHkcHpmLxVnVtPfUft8h1QJ8uMp31iM/T9dbG31ktiEVOrH7koqWCT+NUakiFI6uspaiKJwtjIo9R/wBb2UXMH091+quqADHpT1Pz6HkaG4szKuJW9KVB8x0h+reyvlT1TUJT91RUPaW0maOSm3vt+mo8Xu3Fsw4bI0FIlNjM5Tqv1KpTzj8mT6B+YW1FKCg+3H2jz6QQx3aEgvqHoRQ/Z6dWk9UfI/DZClpKjH5VchRMiNA95VdWBIaGWKZVlimQg6kKghvx7biABXvqB1SdPEDNoo9cjoRe3PlHnNnbGzOf2l1/nextwUtDJU0G0sJV09BLlJNC+KObIVUc4o4jpGoiKVyt7IfaxZUZtIPd/q8ukMdlK4NHUAVoSaZ+3h1VRtD+Yl/MKyPYVF/Fejuudk7SrMnT/cbercfumuzVPi2lAcybiqslSpLWrFe0goo4tQ/R7R7ldpbRloVfxqeYpX/LToQbTsEdyv8AuxmXTQ/A1SD9vDq8HA7uzHYW3sTXVVPPBLUyUddUqqgiExIZNEash1o0gsf8Df2qs/FubdZ5kIBH8/Xomu4YbG4aGNgaVFejebUp6lcPGjAho4QLiIEFWH0JchmVl/23+PtUi0qfMdELuviA1wT69CThahkEYa8RRbkG6qVNxqCgsLD/AAI9q424HVnpDdjDac1PT/8AxGJL+R7BS1gCwXSTfkqDyTyOPz7cL8BXHSAxk00jJ6YspXgh3EoZAbKxPBSxAuq2D3+t+Pp7q51Mc1HW41pQFc9BPuKvVYJHeQkmPTweWDG17EtpHFx7Ylalc9K1FWAHr0DWcNx+r0A8X5IVgeObevn2laprQ+fTyVoTToxPwh2jFuXvDG5OopxPT7VoK/PlmXWtPVxxNQUL3IKiQVNVqU/UFePYi5diElzJMRUIuPtOP8vQJ53uTBtZhBo8rhftAyf8HVtW7OkuqN8ZBstufY+EyOUkt58ikc+Praq30+9qcZPRzVpUcAzFyBwPYrktreYhpYEZvUgHqNrLfN421DHYblNFH6Kxp+Q4D8uldtbZ21tk40YjaeCxuAx2vyvTY6mSATTEBTNUSczVMxUAa5GZrC1/biIkahUUKo8gKDpFdXd1ezNcXlw8sx/ExLH9p8vl0pfduk/Xvfuvde9+691737r3Xvfuvde9+691737r3Xvfuvde9+691737r3Xvfuvde9+691H9+691737r3Xvfuvdf/9Pf49+691737r3Xvfuvde9+691737r3Xvfuvde9+691737r3Xvfuvde9+691737r3Xvfuvde9+691737r3Xvfuvde9+691rtfzN9kfwjtnLZOGGUR5eipNwRuo0q7VcMdPVMg5DFayAhj9f8PYV5igJIkA4rX9mD1LXJNyJLFY2OVOn/N/I9VfYRUZopSSsjMrLx9WAGtXDDlr/AO2t7BDjtrTqSIiaFSagdDZiapxTRrGqxMVF24bUwuf3P8LD36oC06cFNYLEkf6h0JmJmktEZHsWQG9wrAAE3s1xc/T8m3090BIBqa9Ku2jKOFehXxyU81P5jULMijSsfkVWBOkFiTfSyk/W1z7UxyLTVqrTpFLqU6StD69SJ6+EMpUoPt7ooLgMXsukMQumw/tXHJ592eUNw4jppEK1B8+olRVxTQfbsy6JEcyEkWdWuTrAFtLH8f0/HtkMSKemenVIVg3mDjoC+yeu9n7wxz0eTxFLWiQB/unjEkyMl1hFMdJ0yXUKNOnj/YA3kmVk0SAFT0ZWt7LE5fWceXl9p6QG1+g8DVwS42SBq2FI1RlmIldEb9sIyvqBMYU3FgT+efaSKJKlVGAf8PT91vUrUNAB/q/Z001fwu2xjs9Hkdvz5XGz1UiytBjpnpqSWYXJE8UamJWYH8ji3ukll+ogV2ofTGfn1eHfdUTeLGuOPr9vz6Mlsj47JjIaiaGqllyUzJGZZJDK4KrcFrg8lVsbf04Ps1trNVYuH/Uxnovut9VlSMwjwRmnXWN+KVBWblfM7nnqckIyskNOWEKsQzOBMdErtHFayqxALf19qorCEyGW5YvJTFeA6VDmNvplgto1j8qgf6vz6N/tbrbDYyGFKajESoiosahRGrqqgMQthrAX8f8AEe1jMr0AGB6f4eg3dXkjVDPXPQpx4hKaIxpdVKECyi66WN7Frem3HtiRaDh0hWYYBHWKNY0CRspKqwKuq8qz8eplBuCOL2A/x91jGrBGervqYlge4jrJV3WMtw5AJUMAWJABDahcaeOOeB7d4AdJlarCteg2ydfOiugsFtYIG9VmNm5AH6QePad3Za9GARKV8+kDlpzO2gktZG0MV4uG4va1tIH5tf3pjVQa9VH+XPQdZqUFZ002sANQ+sjH8oOQQfz7TsaVHTyrQAg5/wAHVl/8vXaqU+B3vu+SK0tdV4/B08thbxUsclbVohH1BeeEn2NeXYtFnJIRlm/wD/Z6inn2613lrag4RSx+04H8h1Y97P8AoAde9+691737r3Xvfuvde9+691737r3Xvfuvde9+691737r3Xvfuvde9+691737r3Xvfuvde9+691H9+691737r3Xvfuvdf/1N/j37r3Xvfuvde9+691737r3Xvfuvde9+691737r3Xvfuvde9+691737r3Xvfuvde9+691737r3Xvfuvde9+691737r3VT380TYyV22tkb4jjIalkyO3MhMS3jSCcJX0HkCg8GYSi/+w9lW8RB7VXpXS1D9hH+cdDjkm60XU9sThgGH2jB/l1r+xqaOSpgcENGX0sptchlIZSbn6H+nuNplMZkUjgf5dTVbgSaCOH+DoQsLXhXSKSxV4wqkerST+Bb6lSP8PaUSaiF9B0qMZIqDkU6GDC1gARmJEQAS7gNyosLKLn/ip93LAd1etNWtABWvSxfcdJSRIimJEIBlYuLBbgWCkEEsbcAix9svOARpHn14RO2rUaN1Gnys1cymB0+3IZVQHhZNKsCT6ihjJubqx54BHteg1aWr2/5ekDSmHUKHV/k64Y2T7up+5cVEC6nQxyMyorgOSdNr+FnF1B4F+CD7tqRe4ig6YeSRaJUFuninxplnTxGOVZNKT3OplDzINJBsV16Qb8m4HPtuRg2kAChPTsczjWXrXNP2dDjtTaEaU61NNHqHl1CMkWYoD6gVX939ZNibXB5+vtUkaMuKUr0lklYsQ+BT/D1JyVMuPkWpaSIxtIzPEyACJjIVBDEux1EgC3JNv9f35k0gEdXTuUrpyBToVNtQRxQrUCJJtcSsiqSCWa4cgsDYxahb8i/tXEFVhQVr0guKsNJNAD0pKymijpWCL/lUgLrrUtrF1uWayhmAB/qR/iTb2r0JpwaH/D0zDLSQHV+mOudDUyU6NMVCELGNAcqbhdNwCNKDnk2/17Wt7oEIbtPXpZhJ2twB6doMn5GKyFApVVC6iQCSSulrC+skXPHI4v7t3AGvDqlVI7TnriaiLyWNvUxYcWW/F1uLWCk/T2wBR+OD0+CSuOPTLlJmIcM9tSn/AGlgp5IF/TY/S9venyRmvTsYAyBgdBfkpXjMvKtzdBcsyj8F2I5I/wAPx7TyNQnzPS0AOATjpG1bqsbzM4RY0klklkIREiQF5CWNgqKoPJ/x91LVWrGnVKEsFA446QWSkEsvkVRJGQjREAWNiBe4ve/+8j3Slc1xXp6mkBSaHPV43xQ2sdrdH7RjkhENTm0qtw1ChbM38TnJpGe/NzQRRf7D3I+3ReDZWyEZ01P55/wdQLzJdfV7zeOGqqtpH+1x/hr0Y72t6Iuve/de697917r3v3Xuve/de697917r3v3Xuve/de697917r3v3Xuve/de697917r3v3XuumNgf9sP9f37r3WD37r3Xvfuvde9+691//9Xf49+691737r3Xvfuvde9+691737r3Xvfuvde9+691737r3Xvfuvde9+691737r3Xvfuvde9+691737r3Xvfuvde9+690Wz5b9fN2P0JvvD09P9zksZQDc2KjH6mq8CTWyIn+1y0CzIB+S3tm4j8a3nipllNPtGR/MU6NNmuvo9ytJi1E1Ub7Dg/5+tUfOxLHXSSqb08ry+vTcixIJJtcqVH5t9R/X3Ge4xEMXpg9ZB2Enbo/EOnLET2jpWFmKEpJzp+hVgRxz6bEnj2TOCGB6OQBr48R0KWNqWIBSQsSupvUPp/qQp5Gr3qQlVJ9P9VOtOtMsvTfWLU0zeUS+VZOfC76WBcrZyXDqyRnnn6/6/tNAoDitDUV/Py6tJcKV06aMPPpM1W/sXQTpjDWrSES2TwzhfH4r6VY6yGW5uP6/T2rNySQnCnp5U6T/AEzs4mda1Hn59PMXaOFxdOqZHMU8k7BRKUmUgxEsz/p5LX0kc/n3vU7BULEkjp5NqmuGLxw0j8q9ei+SG2YDNFTw+SVbtE7MipIqshV3RCJL/wCH0J91VXBNYif9WMdCC35WlOh3mUDzpx6MX0l8mdq56r/gWbqKbFz08ctRTT1FSsVLUobAJeQemVZObEkH2usrnvEU6aCQSDXB/wBnrW98n3EVqtzZgyBiAQBUj/Yp0P8AlNx0GRC1EddgVx8pJjq5q6kmidYlOlg5lup5+gs2r6H2ud59Q0FPD9Seg9FsrLWMwTGYcVCkUr+XUBO1NqbdnipJ8qlUz6AZccyyU1mA1eQiWw8ZNgF5908WKI971PqOlo5ZvrqFmEGinANg4/Lz6FXGbzwedp4HxuVpaoFbxgzIs8d9YIeNv3ADoseLW+ntZHMktPDlB/wjoI3m03Nm7rNAyt9mP83TjLk44YlSdgS6MGKsAsbMPoiWIIIP5v8A7D25q0DuyOipomq2jA/w06S8+bdado6esj+8CSMqxK0TSet3RFXXILBQBe9yfpb3QzErp1ZH5f6sdORRAyDWpCVzX9lenKjzMk9NGamHwyLGoKMxHruLqdQ1G/4PI/x9tOTpDMKHpYEVXbwnrnj025fJGZDGC0YaM6WJPBB/raxXm97+0/jVGelqR9oINT0H1dWSLUxoxJ1oxLk3DNYKQo/UwH1v7bkfIVeB6f0KsTZzXprrik8cqTKjRyIyvFIAytGfTpkDAh1IvcfQj3cdwoQKU6SkldJWuoHj1g2ftqo3lvXb+2KMPrzmax2LjRAG8a1FVFE0pt6gqI7O34Cqfx7V2Vv9RdQQjgzCv2efSPdLwWW3XNyxyiE/nTH88dbDGKxtLhsXjsRRJ46PF0NJj6VOBpp6OCOnhBsAL+OMX/x9yRQAADh1j47tI7O5qzEk/aep/v3Veve/de697917r3v3Xuve/de697917r3v3Xuve/de697917r3v3Xuve/de697917r3v3XuuiLi3v3XusJBH19+69117917r3v3Xuv/9bf49+691737r3Xvfuvde9+691737r3Xvfuvde9+691737r3Xvfuvde9+691737r3Xvfuvde9+691737r3Xvfuvde9+691wkjjmjkilRZIpUaOSNwGR43Uq6Mp4KspsR/T34GhqOPXutUf5YdWnrXtzfG0aaJlxq5XJ1eBmMYHmoWqZGiUMq6DJFHdCB9Slvr7Bu92lJJ0Ve1qsP8JHU38t7gbmxs5mf9QKA32jHRXdu5AsDBPfUL6rkC/jbRZr2swQk8f09gyRaVHn0P1Ze0qc46FXHPeVFU3DBypH9CTpD3tewH+w9p3GrWQ3T7tRWJ+XU7OyulFMsUPmmanEIc8LEXUeu/pDKG/PFhwPaWWURMdOcU+z/iuk0MfiSULYrWnr1Ur3T1d8kI9zVG99m19B/AcbVFq+irTWNLUIwR/HC0LlYIkDAhtLc+1WzQxSlzcMdRalfT/Y6E6QxXJt4ISNfofP9nReq7ubuXA1Ag3H1zmaiOJ2Wapwk0WSjbxgNJJGqyJO6oByCn149if92omVao9ehPHst2UFEIP+r/UOllg/khtadYxlWy226rWqywZnH1VKACwV1WWeJUdfyeRb/Ye2pLQVqajpWm17jGVAj1VHz6E+ft3bskCVWN3JjXaNEEWqsiiEkZjLWSQSr9fqT9RyPaGW3ViakV+fR7ai+twALduNeFf5dCBsP5SYfK0K4MbvxlSIq6Wkmo8dmKWoq4JvIqFJ4oqh6mMhtRFxyoJPHvwtoyukkaft8+l8qTq5nNsfGAFcV8q/Zw6N7s/fmFemRarOURdUjlRJazVIyTBhErFgoEhRb8m49vR2cagZGn7eg3fTXMxLLE4r8v8AB8ul3S9kRUbealz0NPFy0QiqkubMRrU6wSraSB/gL/n28bKPT2tnojlimclXt9Rr5jp/g+YNPtiQUOW3BRvEV0KamsiYKiiwYhn8gLFfyOPr+fadlmi7amlPt6I7jlaK7rItsUcfIipP8ukJS/zAtlZDf52tgcvRZ/I07RyVlNh6mOskoo3tqeoigDhOTcgG4vyB7K7q5mtHR2DFcVx/q+3orfldhGwc0fPVmvWm8qPd+ApcsVa1VEs8fpt+2ygpJcmwCjgD/ePz7XW19HdQkjI6CF5ZyWU7RehI6VlXMHZ7qDGDYNctyPpYfQ/4+9Di3VosKKHu6Q+RneScOBYhm/wAQNpuDxY2/wBvf3ujEgkdP1AUjpqnrSVNjdFBAudStyQLfQ2BH+39qK049JmWn29HB+DOyYM32XV7srE8i7YxVVU0quoK/wASrdFDG63txT09Q5BtcMR7E3LkAaWa4I+FaD8+P8ugFz1fMljDZocSPn7Fz/hp1bv7FvUVde9+691737r3Xvfuvde9+691737r3Xvfuvde9+691737r3Xvfuvde9+691737r3Xvfuvde9+691737r3XBlJ5H+29+691i9+691737r3X//X3+Pfuvde9+691737r3Xvfuvde9+691737r3Xvfuvde9+691737r3Xvfuvde9+691737r3Xvfuvde9+691737r3Xvfuvde9+691rx/OKFM13H2ttUqI9wbXyMe7sJUMJJGrsNlsPjq/JYxUFmdqWSZpo1BItqAHsObjIJLqe2I/UVQy/PAqP8vUn8sVi2y0uTmJmZG+RDHSeqpq8x0WXaaHSkEzmQFldNDHTqDqRwNRP+xv7B19BpYuo7T/h6kuxnJARj3CnQk7cyieCkeVxLZgWIte5taxuOb/19lGk8K56NJKtqANOhGpZKbIWD+P8AIcSA/i5Un6a1ubD6D2jkQHgMU9OqxgxtSp6mzUmL+3q6KpipnSvhkgYuodV1xsGKqWUsB/S/+x97tpfClLHAOOlUUkiSRujHtIOP8B6IvvfrHFRZic+JqWyOFjXSUbW/7ZS6hVhdfqfqPp+B7FFpdrMhGqjdS1tO/wAskMQorj5+Xy+306dNqdHbC3DDMtVS01dNKTFDBVRQWKtGo9ZUKbrK/pFrM35Iv7NYisgYFq1PR8N7uYhGGgCr5mlf8NeI/l0vIP5eHUVWrZXLbH2xWSK6O7/aQNFJ5wSpi8bIXWQBhqVeSPbo25K63IP29KoedYSwgWNgT8sinHy8vT06b5/5anxqrMm1ZSbBo8XVrj5ZY/4cajHs8hlVFtWU7wTq8pPC831fgD24NstnABFFpw/wdaPNlzEAzLGzeJQnSK0IJOB5D1+XTlhv5dXWtNTTLj8Xu+mo2mdLU+7t0+RBqClua9g0TMQt1tqvb/D3obXFikXbX59Xm5ste3xWh8UCtNKgH/LWmadCTF8DNjUdHDG9Dus+aJTG026cwGkKD9ohpq8sitotYqP9t7U/QxKAvgcOiG55wtqyGNogVNMIPz8usNB8IOuKXJU9TFtKlkqJgA9bkHlytWoKrzqqzMf239JYfQH+nugTwSCsSrjz49E11zbbyRuS2ojgKUH+qmejTdafETqfYWOq8ljdpYOmz1bL5qvJw4ql+6aRhyscqxBwNCj82NvyLewvuP6xdtVXrx6jreOYJ7uagNIRwAx+3oU9pbaptrJPT0bGOgUuadFjVQiFmLRhQL6RIb2A9kNpEYJHUN2V6I76f6rwyR+pTPSvraqOCBbMxOgsBbku31uPwAPZuBpFF4nj0hjOriMdIaSbyO7uzEs1zptYEX9PJ5Nre7qAST1d2IWg8+oJPnljpYxddY+vALliQWJ+gDH24BrZUHE9J2bSrSN6dWRfBVkO5N709Mo+1x23cVEZAf8AO1VXkJJJpCOP1fbWH9APYv2FlZrlE+BAo+3jU9RdzrqCbeW+Ji5/IaQOrKfYk6APXvfuvde9+691737r3Xvfuvde9+691737r3Xvfuvde9+691737r3Xvfuvde9+691737r3Xvfuvde9+691737r3WFhYn37r3XH37r3X//Q3+Pfuvde9+691737r3Xvfuvde9+691737r3Xvfuvde9+691737r3Xvfuvde9+691737r3Xvfuvde9+691737r3Xvfuvde9+691rb/wAySev2z8sc3ncQTFkl2/tHI0rAgxS3wsNJUw1Ebel4546YoQeDf2AuZp3tdzt54jRwgP8AMjqYeRYEu9gmgk+DxmH7QDj7K9V39gRUNdBT7iwq+HG5a9b9vdiMdkBzkca6+th9tPyOQWVgRx7T3LJcwLcQjsbP2HzH5dCazEsEr28hrIhpX1Hkfz6YNuZdlSNi5JUAW9OkkWHBvb1W49kjR8fn0eLLVmUjoXMfmEeNZUshKkBWNiptbleP9t/X2jlQgEHiR08rAkCuenaaoathu8iro5hK8CJivqK3P9q3q/PtI8eQWbjw+R6UJIEOBX1+fQSbqoHzNPEzyKtfTF9H9lpY1P8AaJ4Aaw/rx7tASjAq1f8AVx6O9u3L6GY0BMJ4j59JGihq8VKzVBeMt49FTQ6la5kTU00QIXXot9Lji59myXksHxAkH06HdhzDaTBBqoR5OfkeB9OjVdfdvV9BQQYurk/ia08f2yyOI4naFWjlCOHJ/wA4w/17E2A59mkW+BIwrgkj9vTt3Htdw/1KSpGWNaVqK0Ix0MdN2JgawRS1FFKtboKqI5oANABJHoYL6D9R/hb2qj3uA6fEQgnh0XqFEjCO7TwfnX/VnpVx71FSKYYupip4o2VtP7kbPfRJcBRqYxtGth9B9Bbm65d4gYDTJTpqWGzRXM3c5HyPr/kP59ZoMpXyv95lsm9WysyU8cUaRoHkPpjbUGVgqn/XJb/Ye233QAkliW6J72Sxo0dtAFWlTU5x59KWnlLCBp1jjjKmVIkJX0EkqDIxLO1xc39lF1uMsxVQKJ0ELi6Qs6w+tCf9gdKldwl+R6Y4RoWMAKW9IUOL2sHt/T8+yl5iWJPl/PotNtVQeNT02vVwkGoXUDG/qj/AJJLc/S5/3v36ELqqMHpiRSF0k46T2Sr/ACyho7i4+jEizEhv8QQAP9h7WYrUdUj+AqemQyCx1Aks301EMP6Nf6g3/wB497WlK9eataA4p1NxsbuxVVDvMCXcn9ETcMV/p5GFh/QA+3Q3hqT+Nh+wdJZP1GHlGp/aerJfgNAv3PaE44aKPatMR+bN/GpAQfrb0exRysP070/0l/wHqNufyRcbavloc/zXqx72Kuo+697917r3v3Xuve/de697917r3v3Xuve/de697917r3v3Xuve/de697917r3v3Xuve/de697917r3v3Xuve/de6wG9zf6+/de669+691//9Hf49+691737r3Xvfuvde9+691737r3Xvfuvde9+691737r3Xvfuvde9+691737r3Xvfuvde9+691737r3Xvfuvde9+691737r3Wur/ADQ4QPkvCwGo1GwNsGQfThajKR/43ICg3/px7j7nAD6qE1/0L/Kepl9uQG2q7BP+jn/jq9Vj1aHEyVNJVDyYPMSqzWAb7CutaKtRW4RjbQxt+n63A9h3brsRsbeU/pN/I+vy6HF3bl9NxEP10H7R6dB3Gk2LrpKRz5FErGJ72WzHUSAtl+jXHFube1E6GKVkPCvTkMglo/AkdCHQ1pMAYnVcjV424cJ+Gvc6kPH1HtO1Gzj59PLqBrSn+fp+jyrFT42IYoSYnNg1v1KLNwSbC/PtPNCSpoenEIBHUSpkSrMc30a2mQfqC/WwBAAIAB59pxVXrTp/Ue5R/q/4vpjq8fkfFLHTz/ss9wpjEjBCtwPT6R9PwCfb4udII49WpVlJFCPy6RtVtzf0plfFaWS4KPCpjl4+moW1hip/ULf7D3X6xKlQP5dKcqorKwx5nH+bpHSU/cNHVvFDDXLJE10kKSSQSK2gMAAhYBvqT9AfezcxilR3fLpcnilK+KCp9Tw6Mb17uPsKnalXM4XyKVij8qu6IxFhcXH6h/sDz70t6isOyvSW4VmUhbk6q8OjX4yeuroqaSqpoYwjioi84DlZ4x6XsedcYbhjYg+1guwwFFouc/MdEpMsZkAlbIoaHiD5fn59CAkkqpG9TICraUYglgwAAUg8en/D6W9tSSH4jwPTIC8EGRnqeK0zyKdSxso0jVb/ADaEFbC178c/g+28y6cEHqwfwkpSo/y9T4prDSSSosCw/wA2zG5JH1PJ+lz7XQRiOgBr0glbWSR0xVEoilLNZ/SSlyAtyfq3HCgcf7D26aqadUBrWleo8cf3EyWLfW4UKLsx4AA+luP9e3vwCgaj8I62xZVIA7j/AC6XNBQmkppJmGqZlJZ7cqCLAKLXAW35/HupJJLNx6aoKKg4f6s9WFfAN0t2wg/X93tRv8dAgzii4vx6vYw5W/sb3/Tr/gPUZ+4Ffqdr9PCf/jw6sX9irqPuve/de697917r3v3Xuve/de697917r3v3Xuve/de697917r3v3Xuve/de697917r3v3Xuve/de697917r3v3XuuLC4J/P1/33+w9+691h9+691//S3+Pfuvde9+691737r3Xvfuvde9+691737r3Xvfuvde9+691737r3Xvfuvde9+691737r3Xvfuvde9+691737r3Xvfuvde9+691rsfzRKkH5NY+EG/j6+24hNiBG7VmVk0k/Q60cf7x7AHN+bq3H/AAv/AJ+PUze26D903rHznP8Ax1eq/sjhY8pjpVJDros6G4cNyPUCPpbm/sCSjT3D7epDBKtQ9AVkqeoppzQVhJnpZGNPIxs01PcXViRYPFYW5Nx7NoLr6yHw3/3IQY+Y6YeEW8okT+xc/sPSpwbGWNTGyyKVBcBbhW/SQSCRdiL/AI49tatLNXjTp0sK93Hp1qaCSUNoZQ+lfSH0qDcavGt/6fX/AFvr7q8rAH0p04ApIND1LosbVIU18qQoDqLqwbgL9L2F7X9p2krk+Y8unqg108elhj8RMQnDlVvcENfSDZgAF/H+8+0L6ifPp5GRmJc9x6F3bmDZJYdawEyeP91wquykgBfqR6SP9h+Pe+4U4dODRnjj9nRkcPsjFVVEJJI6datUUEKoYswUrrYN6rlfwBb2vVEZMnvp+359F8k7q9KVj6kS7GWni1w0dHUIL/WPkNezFF5Icg/4fT3ZYZFGAD0y80bHvLKemRcG9HOYzT6Na6ljuC11/NmAshA/1r+9HUpClafL16qzBwSHqvr16pxtTLBoQWRAfqLMWFjpQf0F/wDeOPb1GKEDI/w/8V0yGCuDTJ64UGJZWBqGkNwCAW1Pb68/0UD/AGPu0EZr3denkx206eJIY4Ba4KqP+QV/NgAbEn2ZKCoFOi9mNcnpmmWCoe506EIJPqIP05Y35X36ikk+XV1qoAPHpSYPHR3+6mi0BeKdG/XY29T/AE5YfRfwPbRbURii9aeteNSeP+r/AC9KudG8fpTnS7WJDHTbgkfTVqP0+ntwg04Zp01UDicdHY+BVQIs32jjjpEjUW2KqwsCRFLloWJ/5CnF/Yq5WOL5Dxqp/keo55/Wsm1SequP5r1ZN7FvUd9e9+691737r3Xvfuvde9+691737r3Xvfuvde9+691737r3Xvfuvde9+691737r3Xvfuvde9+691737r3XvfuvddH6H/WPv3XusHv3Xuv/T3+Pfuvde9+691737r3Xvfuvde9+691737r3Xvfuvde9+691737r3Xvfuvde9+691737r3Xvfuvde9+691737r3Xvfuvde9+691rSfzKMquR+WG5qfUvix239qYpir6mUjDUtWwtayMJao2H4PPuOebnDX6KDlYx/Mk/5epv9u4imxNJpy87n7aUX/J0UugSWWFY/+UqNbEsConhIGkNwLmwt/wAG49hN1LrQmhHr6dDsEVOrh/g6Qm+8C9ZAamBfDNBbQSn7iyJe4P5te/B+o9pyXgkDphxw/wBX+rHT8KLKugmtegnwGY8Fa0UyCGdJRHPAVtGsp1AOp4vDOouP6Hj6+zMOJkEiDu8x6H5fLpO0TQuUc/YfUf5x0MsMkNSodItBC3e44F/o39QD7pIgJNB1sHSR3f6vPpW4UROTDIEChVaKa4YaibNHpGkhlsDf6H2zoJqKDhj7f9jrbGiqy1+Y/wAvQm41KaNeGjXSpA8gU2vY6if1Bif6+6gooYV6pRjSgPT4lTHT1FOsgDsX0LJGALAgHj8fn2ikHcK+Z6Xw5BofLPQr4TNPQxRxsksqCW3l1Et6mVlsQoA0X5H4/r7ejYIqihIr1WRBIahgDToZcZkfuY18ytGGUENqBBvezAqAQpA/PPs4hasalsDoknUA4IOespoqGeoaQTMz6LXJuDa5K2tcnWOP8T7v4Ydi2o1p/k6aLusdKDTXqK1FAQusBFf6RqLkX/Ub2+pA/wBh7usQoK46ZZ+Onj0m8lHDTtIyGyfoU8n/ABPP+w/23u3hkHHDrQlLAevSEydYNDIZdKhbk82VfyzAc344/PPu7EUILcBnrSqzEMPXqbhcfNUGConUpHp/Zp2BVyR+meYE/QLyFP5PPtkyVpp+H/Vnp2gUHUatX/VToRaSAx+MBNRF3BJGpieC4J4sD+Pz7cRKkE/b0xI9amvTtJTFImZgLEarcatQ+hX+gU+1LIaHpKz6mXT69GI+E+YTF9xZ3EzyAHcm0alIAzj96rxVbS1wCg/qZaUykAfgH+ns55ZkC3lxGT8SfzB/2eglz5CZNusbgDCSkH5Bh/nA6tf9jbqK+ve/de697917r3v3Xuve/de697917r3v3Xuve/de697917r3v3Xuve/de697917r3v3Xuve/de697917r3v3XuuJP1AB4/4kfj37r3WH37r3X//U3+Pfuvde9+691737r3Xvfuvde9+691737r3Xvfuvde9+691737r3Xvfuvde9+691737r3Xvfuvde9+691737r3Xvfuvde9+691qc/KPc676+SfbmdibzU8m8svQ0klwT9vi6qTGUoVgSrp4KMAf0HuJOZJ/G3a4PFVbT+SinWQ/KVr9Ly9tqEUdk1H/bd3+XpBY2N54wRIRPD/myPwg03Lg8FLHn6/T2S6wSaHB49H7HSRUdvT5XYZa+mlifS1Qnpdl5SRiAQX4uR/Qj/Ye3WjDh6mreR6vHOY2DDAPl0V7fW06umq3r8f8A5LW07FvG63jlFreF9Ng8cluG+oPtiB5IX7WFPn/q/wCK6WuEmQas/Z/h6a9rb1Spc0czGDIU/pkppXs4VTYOq8mSG44P+3t7Nl0SjUMfL/V5dF7rJFUOtV9ehhwuahZhIrp5CQWQHgqSBe3+q1fT6/7H20YTkjretaUIOnoTMflaJnEs81n/AESBeF8YuACLEXJIJP8AxPtto1pqYDA6dSpFFHb5dOdRUyArNS1EckayACPgnQx9Kj1ct6b/ANR7RyRE0bVgHy6VwuB2svdTpaYDdNYlORUBVu3p0kHSb8ag1yG0kW/A96TXoNR59WlRDlfToUsXuqog0xztdJZPSWsAoUIpW6FlFgdVjyP9b2tj8QUVuHRVKiP3LxA6XdFmjEnl8wlVnUaWI0qrE3NwAzNYfU+16AjIPSGTSxCUpjqTLlotAtOf3G0rb1MBbUUJBuQAeT7fQedek51Emi8B0j81uCIsYI21ySeiKKP1yO3B9KKdRb/Dj36R1UZwetLCWYVGOo2OoDI0dVXqGmUF46YMNFOwHEkzH0zzhefwEJ4/r7TNJU0Aqa8PT/P0+RTAP59LWgjLhX1MFa5sbXN7+pvqTe/A92jTzPGnTbMB5dLaipk0CU308hSQRc2HFjyF49rlUAVPSNyTVepNRGWS5X6A2Fxwfrwb+7HhXz6oKDh0xbW3jP1l2bs7ekbEx4jLU81VTxnSZ8ZMTTZOHji89BNIvP5P+Htq0ujY30Nx5A0I+Rwf5HprdLD967TeWYX9QrVT/SXK/wA+r6qGtpsjRUmQopkqKOvpaespJ4zdJ6aqiSeCVCOCkkTgj/A+5PBBAIOD1AhBUlWFGBoepXvfWuve/de697917r3v3Xuve/de697917r3v3Xuve/de697917r3v3Xuve/de697917r3v3Xuve/de697917r3v3Xuo/v3Xuv/V3+Pfuvde9+691737r3Xvfuvde9+691737r3Xvfuvde9+691737r3Xvfuvde9+691737r3Xvfuvde9+691737r3XvfuvdAz3521iel+sNzb1yNRFHV0uPqoMHTuQWq8zLTyCiUR3u8UElpJP9oW31I9sXNwlrBJPIe1R/xXS/bLCXc72CziBq7Z+S+Z/1efWpNTZCpy2cyeUlnMlRkK6rrJmdbGZ6uoknkcAXCtra4/xv7ha6nMlxNI5wxJr8616yZggSC3hhUAIqgD8hQfy6FHAwoQF0fuMuotxZmLWuCSQALf7A8e0i0z8+m5q6hnt6VZoZGKmPUhVANQP4HKiQcalB+n5F/wCntTG4JCBeHz692FK1z0jtxYAV9FUNVxFHOoxuq3AaP682Nw5HP5Ht14yAzjgPLpxJQjqoyP8AP0SjsDY05qGq4BJSVsLFqespi8Tm4LF4pEA0kj9Q9tqx1BgSOjBgrLTy6DOj7Uz20JUh3NQVNZSRNoGYx8d5hGDpAraG6r6F/wB2RkE2+ntbHcAikg4efSF4dLNTh/q4dDDtzt7a25kK4rctM1U0YSOhkqI4atGJ5V6Od4qmwP8AtP8AiOPq5RG8xx6ch1oRwp9mehhxW61pkHncm4uZi91vYkPGnNyFI+tvbTQjBHnnpWzo6g0OqvSspN/UEQUfeFn4bVHG7OCi3LSAAXYWHBJA/wBj70iEA149NsrECnwenSspe0oW0Kr/AKbhg1wWc2Al5sFAXmwNvboAAHb3dIpISTg/6vTpZYvsuOYJFFLNVzNpXxwh3uSQB6UBNrGwtfn26JESgrnphrVzkigHS6pcxnMoyxxxPQQyKCXqLmWOMg6zHCSG1D6i9hb6+9G6FQiDJ6qLdACa9LPA4yGJtapJUVMrDyVMjh5mAHOgmywoT+Bb213swYkmvVZDoFCaL5D/AFceloY4IUswGtjpWJfVaxF73uDce1McdNTAd3SQtXt8ulZQQARK8y6CyKywj1k/0Ln6iwA4+vtWigCrcekjPqY6cgHj0r6OPWyB0JDfVUvax/AU3F/969uqATU8ek71oSDQDz6nSwIYy1kChigt/qgOfp/QD/b+9t5jrSmhCivDoHd305nni0oLIxK/2bL+frcklT7KboEsD8+jO1OipJyerJfhZ3rSZzAw9Sbmr0j3Dt9HXa09Q4X+MYNdUgx0bubvW4nkIv1entb/ADZ9jjlzdFuYFs5W/XQY+a/51/wU6innTYWs7t90to/8TmNWp+Bzxr8mOR86j06P97E3QE697917r3v3Xuve/de697917r3v3Xuve/de697917r3v3Xuve/de697917r3v3Xuve/de697917r3v3XuuDni39f969+691i9+691//1t/j37r3Xvfuvde9+691737r3Xvfuvde9+691737r3Xvfuvde9+691737r3Xvfuvde9+691737r3SXz+9tp7WaOPcGfxuLllsY4amoAncH6MIEDzaT+DpsffjilTTpyOKWWvhRs1PQV6aou0evpozKm68UIwC2qSV4bgC5sJo0Lf7C9/e6dXNtcA0MD1+w9FP3l83Nq4iszqYSmhmw+3pZKavztWS9LJVxqW+0pDHKkc9U/00KX0n9RHtFcbhaWyyPI9UXifKvoPXo+suWby78MMaO3AedPn1Sb8qvlnvLvrMGGuqhS4OmLwYnE0bPDR0lOZLrI8OphLV1Ci8sjXJsB9FUe463jf3vg0SmkXkB8j5/l1LvLnKttsqCX4rg/Ex4/Z9g+XRX8HShI1QBterUGBuCGuBqYfhfrf2FjUk14ft8+hU5OMdC5gYv20I4mUBgCCUKkE6f6WLC593WNDRRx/l0lkY689LemgMwsvkV2SwZvxIDwv1Gm/+3/2Ht5YyaUGacetCRV4kUrw6mmnQxyxSgSBwAUcHSClz9eQHBPDfX+vtWlVLetOm2apGOgf3ttCF4ZjGA8DKXKyDVoe41IlhybHg/j23KgIBBoeNOlcEjNQefD7eigbt2IPJOskBlglVyoCfur/AIFbENx9LWPugAHHox7XBKHI6Kzu/o3E5QyzpEY5QzNHJADFKLG92aKxjkU/kWIt7sGahAPXlU6hVc46D+l6l7CxshG3+wN5Y2JPSkS53JNApBuAkTzypa3+H09tuzAhgTT7elkMKEEMmf59D9sHrzuGpmhSt3zuStWwuJK0P5F4voKwuSbn/H6+9K0rYDnV068dsoBKUHnXo9/XnUNRHSRz5utrsg7EXM1ZM+ixDAnURcNYgj/C/t1Y5WANa9Ft1cRghYowFHy6Mvidu0OLgj+xpUpJRpHpjXWy3AVUdQLtbi5vcf7H3bS2QuD/AJ/TosYlmOs1HS9oaIynQVYM0Yu4OuQk+ordQFXgf1/2HtZDEBQLnHTDyUUHFOldTRNDEIqWAqij9wg3kJP4Y8FbEf7H2+E9B9vSF3DGrNUnp1paR1AaVPTddBYlmueQCOCvP1H+Pt0Cn2dMGpJIbNOlrjqd5XQuwVUGkpcKEItZhwfx7dUEn5dNHGOlrRwR2KjUQygq66rAngqp4vx7f0hc9MSsRQj9nWaWCPxNGzPqKsyqFu3P5ub/AFA/r70R8z1UFiQwA09BvnqAyzlbX0KDdVudIb9PP5B/1vaC4UGo446XwuKD0PSKENfhclS5fE1NXQZKhnjrKKtpJmhqKaop2V45YXjKskiOPqPaFXktplliYhgainl0pdIruCS2nRWgYUIPAg9WNda/OKnbF0eM7GwFQ2apoUimzOJkiWHKGMBfO1DKqLBVyKLuqvoZrlQBwB7tfMcF0qx3Y0T+vkf83UV7vyNc27yS7dKHt64VviX5VzWnr0sNw/PrprDxj7KLMZKpBInp5BTURgN7WciWqkLavxpH+v7PmuoQKhqj5dEEXLW5yNRlVR8zXoxvVvbu2+1tvY/cOEEtPT5KIyU6TOkgZlJWSJZVCXljZSCpUHji/tSg8SFZ0zGeim8s5rKZoZh3D06Fb3rpL1737r3Xvfuvde9+691737r3Xvfuvde9+691737r3Xvfuvde9+691737r3Xv99/yL37r3Uf37r3Xvfuvdf/X3+Pfuvde9+691737r3Xvfuvde9+691737r3Xvfuvde9+691737r3Xvfuvde9+691737r3Sb3XuGHbOFqck4V5wBDRQE/5+rkBESm3OhLFm/2lT+fd401tTy62AWIA49UJ/MXvCioO5MDgq/KtPX0WLiqq2nWVg71uTqWmXyRIebQoAqgelePp7Jt3ukiuolLURV/w9SbyvtjNt8rqldTUHQTbg7XqMzTw0lJUZCko2RfuvHUPFU1SgC8MJVgYI2HBYDV7D97v0NNEFT6n/N0JbPY2QmSZRXyHQN713RlM5TQ42ACixFDEwp6Cm/apYQ3OtlAvLK5uzOxLMTyfYO3Hcbi6YLWkY4AHoT2Fnb2tWpWQ+Z6AJsUZ55tXqcarcEFlZTosR+bHn629k65Ynj0clgqqBxP+qnSw2/QrFPHA17KBE5AFvXYWDH66b39rIyOAXBHHpJLISCfPoTaaBoC6oF1DTcKTo0sbBo72uOPbgWlQOJ/Z0kGk0NcdKikEpsFP41Oef1DhWXgiw/2H+Pt5cA1Fem208Dx6UIVUj0PDZ2tIzOBa9uTxccDj24FCAEDPHPTK1ZzU44dNmSoYqiNo/Gp1AsC2ooLW9RFrf7Y39tvTy/1f6vl0qQlSrE46BTcG13naTVAHMN7vGAxlHJLoTY3uPp+PbQDgkuaj06WiVQdSEivl0BG5doRpIZYYgrs7MQA3JXg6kFgWNuf6e/MSAAPXpdBJU956TOMoKajnCz08RJID3GtGX6XN0DhkH045H59p5JdIAYn/i+jRAGFVOD+3oyGz6XBsYmjSNC4jeyRuusKv0XRTj6n+tvb8Uqmme7/AFfLpLMsqg1zx9P8/Q/YmSnjjjMMGhfGFVtAFvrqRCzlVv8AX/iPaxX4UApw6K5ImYka8V6W+PxwqVD+MyG6gENq+tzwClja/wBf6+1McYND5DpDOxiNODdL7E4aONA84KsossaqSdIAI1Gws5t9Bx7VIqjC9Fs8xatMjp+p6Bz6VhtGGsugC4NjYEcm9zz7vSpp0k1AkNqyOn6jxhZwnj8qkAmwOgWFj69IAYW5v7ssZoDSvWi4oCWoelBFRLCQFRRqZdYPKi9yAAApJ/wF/wDH26F8h00ZM4OOlBDEE0hRY6LFrAAIfzYH0n/D+ntzzAr0mdywNfXrPVJ6Q62BUWB4BNxx9Li7Dj3phTzx1VCT2ngekjVUTyiWRo2Ba4QheGX8Fm/Dce0zoTVqdL0YBVWox/h6Ti4jyO8boCrDTGWN+f7VvzpP+8e0rRVY9uTw6UiSgBHHz6hVW3Y2cIq2KG+pbm5X6MD9b3/PtP4JRqgHp7xCVz0Vvvrr6vx+Iqt97e/YzWFCz1cZZ1p8tRqPXFVoDpZ4/wCy/wBQf8Pa2PcZ7L9WuqNaVB9P8/V47WG8dbdxpZuBHkerlvhniK/HfHLrSur6ZqDJ5zCx7jnprnVSyZaV66FFPFtMMike5c2k+Jt9tKyU1rqp/ps9QZzGf9215Fr1BHK19aGlf5dHnwmaiyUCxyOqVsY0zREgGQrx5Ygf1K1rm30Puk8DRMSB2dB+lOnxWVxdWVgCQSpBAI+ouL8j2n691y9+691737r3Xvfuvde9+691737r3Xvfuvde9+691737r3Xvfuvde9+691hb9R/3349+691x9+691//Q3+Pfuvde9+691737r3Xvfuvde9+691737r3Xvfuvde9+691737r3XvfuvdcJJI4kaSV0jjQFnkkYIiKPqzMxCqB/U+/ccDr3QfZbszbuNeohgafI1EF1AplUU7ygfoFQ7AFQfqyqwH4v7fW3dqE46usbsKgY+fQEZ7cmU3fXpLXFYqWnJMFJFq8MCkm9r8vKwHLHk/63HtZHEEFAOngFjGMk9Un/ACn6Prcd8uMnvyvqZK/Fb12Vh63b0Uy60xtVhdWMy1NCLadQYRSA/qtL7jLnG1uE3NHDnwJI8D0Kmh/lTqZ+SdygfYngCAXEctCfVW4fzr0harDtAyExMVuyI5FipFrra3pv7CBjYYzSvQpEisSC2emKuxy2kYKR5QAAyi7aRbSQebf4+2ZYyxXT0oUimPiHSFbGLBOxVQQmo3YafSxGo2IN1XV/sPbUcRVjUjpQZtShSc9OlBBF9wNKgalQKWtaORLgggC4BJ/2I9qgmK0+2v8Am6TS4ABPSyp2KyLBU6fQArzAft3JBW68kgn624APtzRTiR8+ktew6K/IHp4hUwyIqH/JgHNyPSxa9lU3uVFv9v7c0qBipUdaqSpr/aGnT6jAxKxMvjYWsWsJLg/VP8Ppf+nutAFBoaEftPWlZiSMah/LrLHDpDMEBlsJFQXMUkRGkk3LMjA2v9QPftFBUDuqT8s9OawaAmlfP59M1Zjo59bKFX1WIF7K/wBCoNtIN/68H23oBJoenAxAFekdk9rJWRyXolOq6tIYy6sLEBgq3NyRzyD/AEPvxhIwUyenVk0sKP0GVd1nT1CvJDTMjRyAfsx2DMRcWD6rWYfS/wDX2mlhLA0Tgf29G1veONKl+2nn0s9nbCqqWRB5FbSVASVJInWzBvGG/djaTkgXv/re2oomDAUoer3F6PTFPt/zdGDwW2LMssjQxeCyskaxvKCRwxLovAb8WHs0gjJI1AdFctyaEAMQeHkOhfxeFSmiAVTK8nOvQbKBZQCRZAzNb6fj2Zxx0otK9Es8xdj5AdKekxssjFZAAAFL6dIJYfgE8XI/1/bqofP16SSutMVr0+xY5EW31F/1RgqEJuB6rNfj+ntzHlSvTergKUNPPz6mafEtokJ1KLqLm7j/AFVgp4H9bD3YHPHqirqarNw/wdZIoY2ZU0ySSpYsTZrHn6Mb8XNvp9B72K1x1t9QUnUAp6coEEStqJALi2q5YIPUQP8AX9uIgpVuFekbuWOBmn8+p7U7sCdAEbW0oSGJUgeo8fU396kQ5IFF9OqowHE93USoo0tbyeNQG1IAZLk/pUW4B/1vp7axkHz6UozUwtfTpvTGrJFwAORYgaWKg8aiP8T9PbZWp4Y6UCQjj1Nhw95dAAII4VVBsp/USx5AF/dPDNdIGOttNUV8/wDL00br64O+Y8RsKjiU1O7snT46Qkf5jFo4mydawHIWno42sf6kD8+3YtvbcJIrFR/aMAfkoyx/YOmn3b93xXF+xxEpI/0xwo/bn7OrRsJhqPAYfE4LHxLDQ4jHUWMpIlAASnoqeOmiWwA+kcY9zFDGsUSRoKIqgD7B1Bs8zTzSyuauzEn8+pT041ErdTfjTcEHnm4sQfbh4U8umgfXh1wo8jWYSoDwkvT29dMzERuPofoPS4JuD9fbUkSTCh4+R62QD9vSzo9442fSlQslJIfw3rT/AJKABt/sPaF7ORfhIPVSp/LpS01ZS1alqaoinA+vjcEr/wAGX9S/7Ee0rI6GjqR1XqT7r17r3v3Xuve/de697917r3v3Xuve/de697917r3v3Xuo5559+691737r3X//0d/j37r3Xvfuvde9+691737r3Xvfuvde9+691737r3WGeogpozLUzRU8S/qkmkSKMf67uVUe9gE8B17pB5rs3a2IVxHVnJ1Cg6YKAeRCwvYPUtpgUcfUFj/h7cWFzxwOriN24L0D+a7h3BUrItAKTFRNcR+JBUVRU/T96a6Bv8VQe3lhQccnp5YMAsekl/eDP18TJV5SuqTUkeRZqiV1IJBClCdJA/pa3t9EoRpFB1cKi8F/PrwpWViOSx4N/oOfqTzYf737fC+QHVGavn1OhgWIoifqexPHNgeSf6Xtb25gfb1X16Lv8pNjw5nbGC3VFCDX7RyYDzKt2GKy+mkrUY21GNZxDJ/gV9hrmayFzZLLT9SJq1+Rwf8AV8uhZypetbXzQV/TlWn5jI6IJk8G7uz8KuscEekNc3YqObXXj3GrQ6dRHr1J8M1KVGR0HtdRsJtDAEk/m2leStl4+hC/T+vtDJGa18+jJWBWo4HpCVGMKVc4dWkEhJCsunQPQQFJFiAeB7ZEZBqelAcdvXOOjWnKto9Mq8grpBANvUVvYq305v7dIY0FM9Vdg35dPkFH69LI7gXYixVm0gWCkgKVt+b3tx7UiNeAXpG0h0YIrw64VRZB6SSLCRI9FzCLj+pJOkf6/tmQccfPp2EGtTw4H59KGkkWWBQ0ihgt7Wuh49RBP0Fv944+vvTZAHVANMhx216eYYzpAV4mdEsQRpcIRwgkS31B/I96ANOOf8HViwU5BArx6h1QMd2SPTGqks6WDC4sUYKSCLH6/T22wapAH59Poa01EE9caKaIyokiRQFuAzyGISXcWf6FCwA+lh+fb6SUOk0r15xhiDUDpVy4+ip1epkenipoEaaaT9qMLGi65JZGdRBLGgBN7/Qe33RRVqgL59MQyu5Eeklzj/V6fZ07bahwmapochh5qTLUdWokiyFFLTz0cgW6jxzU5lgkNwebm1vr7bREkAZGDA+Yp/k6dnaWIlJKqw8jWvQlY3BQghSCHQDUuqJGFr2KlVNwb/U3PtWkIFNRz0kedjUg4r0raSijg8ayTsQ1yi+cNpP4DhAAGFv8fahVVafb0jmkJBKLkfLpz8qKSUjAv6fqCFP+q9Vhz72zGvbw6bEdQAWr59cqdZCCha6gaiQwAUfXk3UG31P+v716dWenEDPUyFVYrZtIJP7YT/OAf2mJHIP1Fve6mh6o3bXFaefp1NRgZBdQNIsLhdagcElVuDcf7b3YYoa9J3I+EH/N1LFMJNThv2wB4tZPkdx9SQBbSt/zYce31BfhX5fb0xkHI7j1lYTRARtYXBcN/VjwPwAR/sfahlopHAdeUVJb8us4gbQryA+nXYBR6iwHBH44+ntnwGJJPHy6urDKg8f8HUiCkLoAVZE1er6BACDYhyP6/Ue9eARSpPVjIFJoQW8v+K6fsfQ+n1hAoUlnY3tGoHq+gAXj36OPOk0px6akk/Fmvp8+h26N2gaurruwMjBYTRyYja4lSzR4xJL1uRQEXVsjUJpU/mNB+D7GPLtjoV751ywon+l9f9sf5dAnmnccptsTYXuf/Ten+1H869GUC3Ym39Lf0/1wPYq8ugWeuLqDc/424v798uvA/s6g1MHkZQD+lGPIP9oj+n/BfevTq2AKHpO5GnaLxOtgwJPFuR+R7sOtqeB65UtZJGyyRSPDKpBDISri39GUj3QgGoYY6uVXNelzi93SRkRZD9+P6CZABMvP9pfSsg/2x/1/aOW0U1MeD6eXTRSnDpdUtZTVsflpZklT86T6lP8AR0NmQ/649oXR4zR1p1TqT7p17r3v3Xuve/de697917r3v3XuvE25Pv3Xuo/v3Xuve/de6//S3+Pfuvde9+691737r3Xvfuvde9+690n8vurb+CQvk8rSU7AEiASCWpa34Wni1ykn/Wt7sqM3AdbALGiip6BfcHc0s5en25AKSFSQchWIstQ4H0MNN6oYdX9XLn/Ae30hH4z08sDYLcOgey24MllZmlrK2qq5GuxeolZwP8Io7+ONf6BQAPb4VQO0UHSlYVWhoB0npJZOWZi30sAbD/Y8e99OUoB1GDPLNGGFl1qB/sSL2/x9+GaY601KHoS6WjCmI6RwiFeb82/3r2qVaAenSUk1PT5LT6SXI/UA1j/U882/x9uDA6oagn06xQLaW7D6AWv+AOLe/Hrw4jrvN4Ol3FhsphauMS0mRop6SUGxF5o2Cut7DVG1mH+I9tTRLNE8bjtYEH8+lNvM0E0csZoysD1WfuzbFVi6mtxdZG8VZj6iSCpTSNb+I21gMOUnjs4INrN7i2+s5IJJIGB1Kf2/8WOpbsLpLiKKZMqw/n/sHoHq/As0gfQ2hGZGBvwtmdSPx/asD7KZLcrWoOP8Hl0cJckYByR0lcliCgKaWKAHXrUXABIEisB+Lc+2tHkRinSuNw61wHr/AKh0mIKG0tl/zbsVfVyGB5BXji5Xn/D3QIAaAmnV5HoKH46dKWmxszemNS0UkYKprQMjD9ARrEnkEHnn25TgPI9Iz/S+IHpqymKKorNE7FFYNp9Mof8AFyv0CtwfdWSlTp/LpRFLp1aeH8uk2rPEdBMjXU6dJ4AJNg1wLA/n2m0kfEMmvn0tUVAII6U1DXTInrhWeNUXlENwFHqNxezW/wBh7sA6VyCR00VUn0NT0ogizwpLGpdLDQ7cOpaxHkUAagLWII/HvbR1ow6Tq+l2Umny/wA3SeqYp4pDKy3TyHTa80QYAgjTy0YF+B7SsWU6icfLPS5SrCg9Os+OyaVcc9FXwrJFMjwVEMo8tLNBKCkiOjepC6EgrazA29uCUadLLgihrw628XhsjxNkZr518ulX15tramxsNR7c2hhcbtvA0RlfH4fFUmiipTUzPPNohA0ok0zs39AT+PbsAhiUJEoVPQD+fVLuee5cyzyF5CMknJA4fs6FKiyyanjkAH10h1ARiD+m4JPHPA9q/FFRXh0idCACp6UlNLJVgBQU0kE3jZFseQeSBcD+vvZYvwqB0lJ0k5x09RRADX6rhbBg37d/oPSfyf6/09vilK0z1vUeHl1KFZTwXuWluoTQpJW4PIuAAbf7H3rUPz6pIpI40PUuNque7+NoVZdKliWAS4uzWAsAB+Pbo86DpM2kUDNXNf8AY6caOMKCLEsFtckAvcixEjHV+PdlSpPr1RiK1HAnpUU8GqIeTUGCk2SwQK3ARnI9QA+v9fapANIBrgfl9nSeRu4heFesiRAuuhWmUC+p7AEcgpGdNwFP+t7fQVBNP29eNNJqaH0/z9TY6cAqGDW0kpdtRBPJFwNIA/H5Pu6gAHBp0yxNBTj070cMcrKGXWrMy2IK2ADBbAfq597pq4Co6bkLLUg0OOlFisC+cy1Btim4kyjMa6WMG9LiYLGtnJBGi6MI0v8AV3H9Pamzsjc3CQfhbJp6Dj/mHSS+vhaWr3RPcvw182PD/P0dWgoabG0VNQUcSw0tHBFTQRIAFjhhQRog/wAAq29j9EWNVRBRQKDqL5ZHlkeVzV2NT1L/AK/i/wCfd+mvPrj+okfj6fj37062esIjDan/ANUbLf8AAHA/p9fe69eJ8umTIJrZVvwv+HF/yPfuGerL5dNElKUOpP8AbD/fcce/Ajp4fProswtf/Yg/4fkA/m3vwAznrR+fWeCvqqKQTUszxOPyhIBH9GU8OP8AXB91ZVcUYVHVSqnpbYze4KrHk4ufoaiGwuP6tD/0af8AYe0clkMmNvyP+fpsoc06W9JkKOvTXSVEcwtyFb1r/gyGzqf9ce0LxvGe5SOqdTPdOvde9+691737r3XEgNcf0PP+v7917rERYkf09+69117917r/09/j37r3XRIUFmIVQCSSQAAPqSTwAPfuvdJHK782phy61eYp3lj/AFQUpNXL/rHwB0U/67C3twRufw9bCs3AHoLM33lToTHgscGF7fdZJrAji2ilp3vz/Uyf7D26sH8R6fW3duJ6C7N9k7pzt4qjISU9Kbr9vQXo4mB5/cMREso/wZm9urGi8B08kEeK1Jr0iiXkbWxkYsfqxJv9Tzc8m/u+OlFFFACOuvG7kL9I2YA8kX5/qOPr791olRmlepjQeIFRcsfpb8C39Obe/EdUJqeHWAUzudP55v8AX/b/AOA597HljreriBw6lxUSB1Y8FfpqH1P9QBcfX24tRXHTbMT5Z6EugUSU0MwH0XS3PK/0uP8AX9vrwHr0yRmvT2tOJ4luDdf95U8/7wf949260R5npvlgMZaykEG17D6XsP8AXv79THVKU4dTaaYRIEt/rH+l/wAE/nn3ojq4+fQKd3dZNuDHx7nxdM0uRoImjyVPCt5a2gtq8yovMs1IebDlkJH4Hsi3jbxcoJo1rMo4eo9PtHQm2DdfpJTbyt+i3AnyPRLarBQ3kYqQdCgJ6iBqQnWCw4v/AEP0PsFPCpGRnqQkk+EDh69B1mMOys4ZQ5Ou8ekjyROhBKEfUhvr7QSwUP8AS/w9GMcooABTA/b0G0mJEVT4ldwUYlRY2+vIuQFIZD/sD7QlaEjUa/5elesuNZUZHS0x+GMkMZDWkQMCgQlTY3ZP6XtZgeD7cVDio/1enSJpDqb0PU3K4CeWNz4lkJjAj1E3kAXlJdJB4B+vNvz7ceOoJr9n7OqRSKCCa0r0CObxdVRvIYrxlrW1hWt/qFDqSLAra/8AT2XyAgUySf8AV/Lo6idGC1HWHCZJ1lWGdFiUoAWa0nrv6lIBsCwHAI+vtkSrw8/XpySIkFl9eHS2iMT6ryeH1GMPF5YySbDS8ZGki/8AX/b+3lIJyT+w9I5EcHUozxpjqT9mfESskNYgHOnR5OD+nyRkWKfUE8/196ZQuAAV/wBWOtpIWNGBDdM9djaq/ngpZH9Wt2aJi1wRwzAAygn8i5HtJMjNTSufn5f5+lKPH8DPwGOp2NjrFOsq0A1hb6yhjNyPHKLBgP8AEe/IGHxCn7a9OMY9NAa4/wBVOhJxVMdKSSSBWNtRRpJWPPGokMgsfr+R7Upxyc9F8pbIC9LyhhqrBh4njNgCZCSBwCP3D9CORx7WqGFGFCOkgKljx6eo6ZjeWWQvHxpKFEVQPpcenVpI/wBj7tQ6q1qOtlwBppQ9TI4oywaHxHT9WZSQpP8AgGB9f9Prx7dAocHphi7cVI/y9SwtTJULH6gqizLpbRJcjj68WPNufbingKDpshBGWIyT0r6DHu+lZFSNbamCjVIwU20m5Ngf6+1IHBWYafsz0lMgUEgHV/LpVpQQGLxC6rosU5Y/XUGZtX1t+PahUQjTpoPTpL4j6qn16wiAx6YtPqJATRdm5b6kC/BH0Ht0EjBP2evThNat5dOUFISQpACgsulWu0rN6bXAsBpuf8PboQls009NGQcQc/4Op1XVUWApmqqgWVNMUEMYLyvNIdMNNBGOZaieUhVA5JPtwjSMD8h/g6ZNZvP5k/IcSfkOjI9U7JqcFR1G4s4mjcWejhaemJDLisfHqekxiEADyJ5NUxH6pD/QD2LdrsTaxa5B+u3H5fL/AD/PoB73uIu5hBCf8VjrT5nzb/V5dC/9f9v7NuiHrHrB+nI5H+P5/wB49+p16nr12FNvT9W/x+g/J/xsPfuvV8+uUhWNL8AAWA/N7AC3v3VRk9NEiIWuTY2+p4+n/E2PvZPToqOoUkf1sb/0sf8Abc/191I9OrjqE8QJNxY/UHk8/wCt/T34HrdeHUN72IF7/m//ABT3anXqCvURwwF+b3P0H596zXq2OvJVTwMHid43WxvGzIw/1mWx/wCNe/UrxyOqlQcU6VuN3zX0elK5RXQcDUSEqEA+tpANMnH9R/sfaWS0R8r2t1Qx+nS7od3YOuC6ataeQj/N1AMZB/oHN0P+39pHtZV4LUfLpsqw8sdKGOeGVdcUqSp/qo2Vx/t1JHtOyspowIPVeva+b2/Fvr+P8f8AfD3rr3XD6+/de697917r/9TeB3R3fjMeZKbb9KclMLqKyfXFSBrHmOL0zzAH+ugH/H2pW3PFzTp9LeR6VwOgIzPYG6txs/32QqDC/wBKSA/b0qixABgi0o3H5bUf8fbyoq8B0sW1ReIqek9DBVVUkSyM5UliwubWUajwP9b3bq9FUHt6njFkvrsT/r3IB/1v9b3sA+nWvE+WOpgx/wCLXJ/tf0t/Qe/EcPXquojPXNaFr2Go/wCw+n+P9Pegpr8+tE16kCjIAGnkc3P9R/vN/e6HrRp1IMILByCeAb24vYX/AMRb3ugrXrWePWVKYKFaw5uePpYmxufz7uo60angM9cxShtTH+zcLf8AAsf9593HVT5dP+GqQjGlY+hwBc/k/T8e7KaHj02R0t6QGMjWAfqDza4PA+vA492PVeslVR6gCnNuR/W97j/bH3sHrxr01tARKq2/4m/5P+sbfT3v8+vf4OnymY/oaxA4AI+qn+tx+B7owHWwT0XTtbqN5GqdybWpEfWkk2UxSKSVb9UtZQxqLFXW5kjA+vqX8j2H902syari2X9TzHr8x8+hdsu9iPRa3jnRXtPp6A/5D0TXP46PSwUhC4YoRz4ZALHm2oKSPp7B1wKKQy4r+w9D6Fiw1DI/w9Be1BKanwzRmZCzeZ/yFdQQTf6tf+ntAyMKrSvr8/z9elilaFgaU4dCDituuyxCNwYmA8EwAWzKLCOUEjWv4JIuPp7skQ06R/Z+R8x9vSd5RUlhR/MevSjl2zLJCyTwrGo03KEl4mdSpfTwxRnHHPI9utFqTSQo4fl0yJgpqhr9vQNbq22ZY51NPrYMwcaQhDoR+6AxVlJsSPZdNCxqtM/s6M4pVVlOrBH+odBCcTGJ1ACBkc6wigs3IXylCRcW+o+o9l7x92AA3RqjkA5ND6/4OhNotr/dU0ClB6LWmjYlC4seVYEXI+oJ/wBb2oVaqFrgefz6TGXSzEj8j16o2zLSF5oSYWALyw/p1hWseB9Q3+IuAfe2FCRJgdNV1NgZ8uuKUUZRBJDURy6bqkUklkuLlWABW7fnj3Xw1b8I6uCeAIPr04JCYAuqld11ESMwdZebFWVjfWqgc/196ZNP2Dqy0atGzTHShoPKSGjhjZdRYsAE4bj1jUNR/F/d1Fc46bkAAoSQelFGat5FKxxxqrfqD3JBtcheVH0+vB9uEtnH2dNKFCnj0pKOiWpYCaZyNNiQLKim9ipA5Y/gH6/n28qgYrU9NNqGdOP8P+x0/wBLiY4hp5ADXUuFjFgbhmsGJb+gHt0LpoKUHVHlrWi9KCCigAQFSSTbWwKDQDchPyWb/Ye3FVfMdIHZgWNcDy+fT5TQOEkWGOxJFg1zqTix1EHSo54H59qVqRQABfLpO7BSpbNOlBT083CSyJ47eoxqQdI+g1C/HH1+vtWqsFpqqOkrOGNQuenOGmh1F0jVnA1BrEn6cepvyqnn/X9uIgrqp1ouxVQSaHqZJHBTp5p3VFiVnZ2siooGp3+lgoA5Pt5fU46pUtwXHTz1RtKbe+4l31maSSLa+DlEe0aOpQqMtXxlhLuGWOQXalhPpprizNdxwF9nO02Rlf6uZaRg9gPn/S/zft6Id+3BbWH9328lZ2/tCPL+gP8AL+zo3TTqtlUgn/ev+R+xPUeXQG0nieuP7jix+l+f99/h7sBXrXDrkAAQqi/0ufpYfk/4+9jh1o16lqpUXNufof8AD/H3rHVeoFTLqNgPQvFz/X+vvfDJ6uAOoLEkXA/1v6/i/BP09149XxwPUZ+f9YcWIH9fpxx78er9R3H9Qf8AWsQB/vNveutVp9vUV0J+l+Prxx/xv3avDq3UcobfQ/77/H37rVPn1EkS/wDZ4vz/AIWH1/2N/fjXq3UN4msf7QH0H+w9+rnr3n1DeFxyLr+bgfg8Wt9fz79TrVPOnWenyWSx0gelqZ4WH5jYi/0PqS9iD/iPeiqsKMKjrWkHy6WuL7FqInSLLQpNF+lp4V0TL/tRQHTJb8/Q+0z2aMCUw3TZj406FGgydDlIVnoamOojIudJ9af4SIfUjf6/sveJ4zRl6bII49TdXqt+P+J91pjrXX//1dvGHG6mBYFjyT/h+b3txa3szINcDHRoGoD090+MQKNK35ueL3vzY3+vvekkdaZyTnp3p6NFMsugB44QALcr5GANrfQ8e7KBnHl1SuR1KjgU3ABP9BwCPp+Pewo60TTrkaexJKrx9Ob/AF/r/j7tpHl1qvz65pS/qNiCWvzwePz/AEHv1AD17V12KcA/khjbjjm17f4+/U63X5Z6xGFNB51WJDE/7f8A1re9EA+XXqnruJfJa1yQv6RwAPpz+PfhTrxxXqRFDYEaf6i7H6/4H3YDrXXExCJ9SWulmuPwf+Re9jieq9LHHVQqYlBNpU4+vDL/AMVHu/VCM16UlL6kAYi3NiT9Prwf8PeuB4dV406xTUoMlxb63P8Arj6kX/r73U9ePlTrkYrAcfT8j6j6f7z71nj1r7R1mjkZRY2DEXF/rbgf4/T3rrYPqegO7G6Jw274KrJYBosNn31zaCSmMrpTdnWaJQTSzTN/uxBa/JU8n2Ubhs1veq5A0zevkft/zjoSbVzHc2DLHNV7b08wPl/m6JPkdm5XbuWqcfnsbLQV8TKskc/AlVSNEsEgvDUwuvIdCQQfYIurOeydo5UIPr6/YeB6kK2vre9jElvKGX+Y+0cR0oKah+3ZTAyhCqMAy3j1G2o2J4db/wCtb2nIGSrZI4+VfTp0AuoV1/z/APFdLOJoZ0YOsTKwCcoXdTwwWQf0BFwfx+PbgOoNWlP59JGRkPnX7f8AB0n8/tvE5eFonVIp5Ym8c8YZZFY/p+lv0sOAePbUhWQUahr5+Y6eheVDqyVB4dFd3P1/WY6oknoXLoCfuU5MsZt/nQn5DW9QUkc+yia2YUI/P16EdtdKygSLjy9OhC2NRSiiSNo/Krp+m1mAH6yGYFSFA+lrge3YE7MEV6YumBcnhQ9Lmr23TVELOsIcMreggGUXsLxg8uF+v192dAagj/V8ukomZWAJ/wBXz6RVRteeBlMaVAKfSVYnYEG2nUgIZSv9Pp7aMZUilSOlAlVgxJFOuhi6gJIk0DE3JuVJje34Nrab/wBLe7FSa1XPVVKHTpbH29ZYcNPwpUwxsCdALFtP0sNYPpBP0HvwQ4FOrtKKk8T070tCwOiUF2jIKLdiWj+guYhpHp/17e7rGRxP59VLFqaTSvS2x1BIEBSPxqQpIccFudN78Mf9b+nu4WhBPSeR6/E1SPTpS02Gln0LdIyCTax0/Ti63Z7k/wC2HtVHDrzXu6RSXASp4jp9p8QsZXzurOoBdlexdwf0AOv+bP8AT6+3VgoO9sfLzP59JfFrUquD/q/b09xwQRAqqp5TYXa+lLDgR8kXF+falUQUpx6aYu1Kk6euWmXQ0UTqpZlMjhBcg2sFsfoAP959uA8BXHXtCgh2FRTHWOSuipJoqaNZKmqqWK0lBSI9RWVLqBxHBGGkcu31/AH1I9vorOwRFLE8AOPTThQhkkYLGOJOAOhY2p1bW5dI8lvqNYYCyyw7bp5dcZVSGj/i0yk+dvpeFD4x9GLfT2IbPaAKSXYBbyXy/P1/wdBbct+VawbeTTzc8fy9Pt49D/DTrDFHT0yJBBEixokahVRFAVVRVAVFUCwAHHs+C4xw6CjyamLMak9To4VRfpyebnk24JN+fbgAHDpksSc9czf6L/sT/sf9twPe/Tqv29ZokAFyLj8n+v8AQ/6w/HvR6969YqibQpVbaj9f8P8AC3+I9768o8+m0liebWt+nn/efx70er9Ry5BsLW5P/GvevLqwXzPWNtRPI4P+8f4D3v7Or06x6Ta17/69v9796p16nWFxbgaRcc3PH5/1ufeuvDrCY2YckKB9AAf95597rTrw64Gn/wAQb/1H49+1db66+2NzYKb/AOtYD/Y/U+/VH59a4fb1gam0n6C1/rb+v9P6e9462K+vUZqMXJ+v54/3j8+/dbrwx1DkoL30qGH5v9f9Y8ce/dbwR8+vUn3+KnWpoZXgkQ/RWJVh/qXT6MvvxAYUYVHVSoPS5/v/AC/Z6PsW/idtN+Pt/p/nLXvf/afab6RNdc6fTprwu6nl1//W3J1pVUWCAsbE3H0H4/Ps5p0vBz8upUaEC2nix5H1J/3r3vrXn1MjjYRtxYO4Zrm3CrYA/wCF7+99eqOsiIpJI/2Fvqfyf8Tb3rqpweu3Ui5ta5BItyB+D/vHv3XhTrsAkgg678EC3++Pv3XvXrgYmL6lUgLb9X0sffutg9eMIN2IH6fUPwfe6deqfLrGiMpJ/SA30/r/AE+vJHvXXupKoXDWKqSDz+bk8f7z72K9er69ZEhCn1WOsW4+rN9P9b37rdeu42lppEkQaQpH9BdQRyAPqbe7dUI6W1HVR1MatEylrAyIDzf+tv6+/U6bIpw4dOSWeynn+hHNv6g/4e98B17rOYhaw4/4n/Y+9V6rnj59YzBe1vx/X624v/tz731716w63iY3+lxxf/AH/Ye9HrfTfmcHg9zUrUecx1NkqZgwHnjUy0+oW8kE4tNA4vwVIN/bUsMUyFJUDIfI9KLe6uLVxJbylXB8ui47m6PzOLklk2zImaxjlilHPIkOUpla5Ch3Igq1W1r3Vz/T2Fbzl1wxezaqHircfyPA9Djb+areQKt+pSUfiGQftHl0DdfQ5PESmlyFHNjZj6Wpaumkhldh+l1LqBN9PqDb2G7mC6tG0zRFftHH0z59Cq3ntrsB4ZRIPUHy+Y8umyStk0tc61s2oE25tyrCxsPz7RFzX4j0sSFagAUPSUqab7oszKyySEr5rFxIR9VKgEHSfz9PdQdVQT0tZVQUGaDh1kw2EWhrIg0MojZiQ66k0litmKqSunm1/wDb+/CNTQr01JITGxUivQriC8KJ4/wDGyrcECw0kjTzb+vHtwr5HorFCWNft6w1OLjlAa51KCNK3DC4ubML8C30PvegUxlumxIy1BGD0npcNMxKxyKxP116lOkg2uxuNX9OOfdWhyPXpRHOgHctP8/WEYQRECRUZuCqAE+nnjUAfq3+A93WA0JLU60bnUO3h69c5cO8ZQWC6zc6Qq8m2kLcgsrfge6yRhAM1/1Y6tBKDX5f6s9P1JQMiq7tG7BbEEHSoT9IUE6NY+lxz7tHHXiM/wCr8uqSSgAgVA6cad2pyPqZGa1gRfiws30P+sD7VovhKSBXptlWTP4KdOrTq6kjTr41E3cK1hchrfqv/r+/MxIIr0ysZHEfZ1gWdxMkcf70znRHTRq01TIzEEaIogzMW/1r+3UWSTtVWLHyAz/Lrz+GgZpWCp68B/Ppf4frbd24yJJ4/wC7FAzAmqrIxNkZENrimoSyiMkf25iNP+pPs8tdkuJTquDoX9p/zD8/2dB675hsrWqwfrSfsX8z5/l+3oeNqdf7d2krPjqQzZCewqsrXOKnIVBsAR53UCGL+kcYVB/T2JraygtV0xJQ+Z4k/aegdfbpd37gzydo4AYA+wdLXTyRbgWH1tc/4f4e1VOi6vWVV0/8R9Ob/X/X492Hp1Q56yEX/wAP6/8AI/fh1XNesircWtZf95b/AIovvXHrfDrHPOsK/UFvoATYf7H+g9+68AW6ZZJiTfUCx5ueeb88/wCHv329Ohc56xFmP1/2/v3n1YCnl12uo8KOfoSf6f8AEe/HrZ65eM2uxt/sb/X/AA96r8uvV68UWwOvm30P/Iza3v1fl17Pp1iaEsb6QbWueLW+v59+48OvV67EX54I+n+tx71gde86ddMtvoRc2+h+n+8e99eoOuBRRxcf1LfTm/0596p17rE0V/ovA+gv9b/X6e99ez1wWK4sqgWNmve39bWP1Hvwz1s9YzB9Rfg/hv8AkX09+r5+fWwaeXXRhVlt9OOLj34Gh61U+Y6h+AeS/F7W/H+92vp/3n3evVsdf//X3PzHcAAKoJsT+T/h/rX9nfSwYPXJUsCykEAngAAX/wBYj36n7eveeeshKrGplY/8FT6X/A+nN/euvUqQR10FNwx9IBIta1xxa97H6+/db+XWSzDliCGJt+CLC/J/p+Pfsda9KdZUUEEhNNub/wCJFuP8B796Z691yKOU02Jtc3Yix/p/j798+vdYVjYj1G9voo5t+SDxfj37h1vzp1ISEccC7Di5uR/Q/j6e904evVa566RTGyqR/Tg/m/N7jn6n3sV8+PXj8+pK6daa7A3NgL3v9Lji59+p1vy+XXAxlmKlD+Tc8W/2PJJ97pXj1vHHrnT+SjkEsK2Kj1Jci/8AUkj63/x9+6qRWvStx9dBV2ZLLLazIeOfpxf6f7D349NFSOHT0OOLf61/9j9D791o/b161jwPT9P94/4n377OtfLrhLEsiED63uP9f/kXvY69WnUXxtHYgf2rG17cj6H8ce/dbr1n1+ni4Nxf/D/WJ/HvRHXuoOQxeMzNM9HlaCmr6dxwtTCklj/qontrjIP0KkH3SSOOVSkiBlPkR09DcTW7h4JWVvUHoHc/0RtuvDS4asq8PLqv4XtWUh4/SRIVnQH/AAc/63shuuW7GepiLRt8sj9h6E9lzdf25UTosi/PB/b0HWQ6P3bj1Jx1TjcvEDcxeeSjncMSSAkyGMD/AADXPsmn5Wuk7redXHoaj/OOhFb847dK3+MwvGfUUI6Tq7M3Bi5RHkMJkYV51f5O88FxwGjmjaWMRkD+v19lcm038JIe1f8AIVH7R0ZHeNuuVLQ3iV+eD+YNOp60LQmxjZEt+iRdLA/kBSAdPF/aR43j+NCD88dOK8cg7HBPyPXUlOFDHhRa9wOSfoeT/h78KA0PHr2ioHn02TUvhYygFiV0gKSb354Ug3IHu4NGJNfTrWkldNe2vUaGIAsxX1X9QkI1AH6ABuRb8e9Bzmoz1dkFAB1i8UtRKEijaezDxRU8bTOWYm9wgbi39PyPdUimlJVIiR5UBPVtcEK1aUL6kkDpT0m0t21cf+Q7cyLAi2ueD7dBq+hVqkx+zSDatzcdlqw+ZoOi2bdtpib9W+Un0Gf8HT9i+pd9VTF6mnxuP/ANVWJMygm+oJTRyeq34v7XQ8vXzZlkRa/n/sdJbnmraEXTEsj/AGCn+E9CBielKZHEucy81VqAvBjo/tY9Qve87mST/W0hfZtb8vW6UaeVnPpwHRBd82zyDTawBPmcn/N0KmC2jt7bcenEYynpnP8AnKkr5quYj6GarlLzyf8AJVvZ3BawW66YYwo/1efHoOXN/d3jaridm/wfs4dKQ/0A+g/rx/Xkj/X9v06R9eBt9OT+R+Pex/PrXXhz9f8AW+vHvfDrXWSwH1BJ+gAHqJ/wH/E+9V69SvWULci9gPrp/oeOT/qjf3qvWuHDrDPUiMEKQWN7Ecgf8b9+4dbVST0zuZHJLXJbn6/X/H/D37p4AU6xiJ78j6n/AG35+oP0HvX59bx1kWFgfXf+v4tx71XrdR1m0Dm6g/1Nuf8Abf4e9/l1X8+uJPNiD/rkXB/4n37rY4ceuBjBa4FuB9Ftc/7Hj37r1eHXmDHgC/8AW/5t9L/ge/enWuuI1cakAFubXt/r8e/da/PrxjtdtP8AXSCAf969+68DkdY7AnlQPp9fpf8A2B/Pv3Vh1w0sSbAWP5H+8e/da64spXkhbG4+p/3v+vHv3r16tesTleDpY2t+D/sPp79SnWx9vXfBBsCL/m54/wB4/wAffgOPXq04nrFpX+p/1N/7X+9Xv798vLrfX//Q3SjAWXV9CRct+QBb6E349ndOlfXCNNIYvytrk/X/AFvp/T3759b4kdSNKG2gf7ax/HH+tf3rrXHrg8MkjKQQNNvr/wAQBxz799vVusvhZX0kA/4Hknj6D370619nWVQA3K202+mo34AsPfq9a8+srAn1KOCT9f6fkm3Hvflw62KdeCl0BUcck2/tfTkfk+9jh17rpEPH15t/W4+v+w/5F72OtddMkZYyOGsv0BB1E/QWvY+/de86dZI42IJ+nIFrWKqbH/X49762DjrMUexsy6Qth+Po2o2N735/r79Tr1esYHJBIYiwP1JuCeDbm3H09+4Dq2OHUciaFjJT+kghg3A+n9kAm4I97p1Wg6VuOy8cqLFUWWQAAP8A11D6/i/PvXTTL6dPq2tqvccaWHII/wB59+6pU8OuyORY6T/T8fT/AHj377evdcHdQbOCL2Fz9D/sRcXB9+9evdd6QwK3/pY/n37rxPXBQRdSB/QW/HP9T79nr3XZF7/kXH+H5+v+HvXXuuQAPH4/5H9Pe+t9d6CL8kf7E2tcf71b3qnXq06jVNFQ1ahaujpagfQ+WCKT6H+pW9vdHijkBEkYYfMV6djnmiIMUrKfkT0wy7I2tVcy4eADm4iaaIc8/RJAPaN9r29zqa0Qn7OlybzuceEvGp8+oh632f8AjFtYkmxrKuwP1Nh5bj3X90bbUf4qtR9v+fp079up43R/YP8AN1NpdlbUpCTDgqC5tdpojUN6TcczmQ3B9vpY2kfwWyA/YOkr7puEvx3bkfbT/B0ooKKjphampaanH/NiCKLjj/jmi/T2pCqoooAHSRpZHy0hJ+Z6l8WF7n+hJvb/AHv6n3vqn5ddiwtbj8f1/wBv73+XWuurj+p/w/3w9+63w8uuyebDm3/EfX3vHWvt67+o54t/vuePfutdd3twBf8A3r/b/wCF/e8de49ZERiAbj6j1Ecc/wCpB/3v3qo60SOswCoCSRcm5J+pP/E296x1qpNKcOoU9VcER/QcNb9RH+sPfq9XVM56hglz9G45+hH/ABv3o9OcOuwtvqWJPPPPH/Ee/der+zrkBf6N/t/+K/T36mK9er11pH+qNzyeTx/gPp9be/U9evVA65LqFvrx/W9vex1U066Zfxext/vuPp78fPPXgccOuH0uGYc3AsP9796+VerehA64H8A8k/6/4/ra/v3Wq4OcddhSv9o25/1gP6f1Hvf29eJr9vXFrONI/wB4b8j8+9cetZBNfTrjoS1vV9fz+frx791uppSnWIqL8Mbf0AN7fWx/2Hv35dbHXCQAjSCQP9j9f6H3v7evUA+3rgefp9DwWv8AUge/Edb8q9cSLC2uw/Bt/vB9+pw6111Y3v5OLf4f73/r/wCPv3y695cOv//R3UbmRCwB+htGtgvHPB+ns76WU/b11ceMXAUW5UC+oX+hJA/p70T149ZQIwhYLckX5PA/FgPp9PfvLr3DryED6KVv9CeSf9h/j799g61Xh1KK6CGLG/BUkCwNxYE/n3bH59b67Eeolg2n834A+guPzf6+/ECuT1759eAvqF7/AIuP06jYfU8n34der+zryq6BlU6RcqDbj+jLf6+/U/Z17Hl1xUNGVBI9TXANvxwA3+v72KDrX2dcQXJHkj9ViDci9tQ/pccfj3709Ot9ZlTSwOm5a/Avaw4sPrzf3vrw6zBWH6gNIuVJY3/Nx+bm596p1qvXAalKEAkm9+FFhyBZzb3vr3y66kiC2dgNJXUb8jV/Q/m/Pv3Wwa/b1iChQrxo7j63t+mx+nP1/wAPfvTrVOnmkyUsS2UXTnUj8/6wtc2v73T9vVSoNen6GriqAGVvG4+sbnSDcfQXva3vx+fTekjFOpQcNdHFrj6MBYjj6H6H3rrXXDxlT6CRY/pP9P8AAnn6e/de681wwLLwfzzb3vr3XtQH1+lx/vv9j71x6917UL/Xj8e99e8+socfS/05P+P/ACP3rrfXMSL9OP6/69uP9iffvt611yEovYXHBP8Ah/rc/ge/GvXuuJbj8/X/AHsc396p16vXQYf1/HvfXuvXt+P99/vj791qvXZb/Gx/4r79+XW+ur/4k/n/AH349761nrmDe1uf6H/eB/re/db6yAHj8ccknj6/Uf6/59+6113biwuR+SeB/wAVP9fe+vV6yBVuL+o/gfgf7Acf7H3rr3XGSoWPj9TX4UHj8/U+9cPPr2kmvTdLLJKxu30/s2tf/AH3qvTigAA064/QX+hJsxsfqbD/AGPPvXVuuQNuDdv94/rz/re/Uz1r065MXAuov9PqfqPyP9t73Tr1QcddXNiDwP8AD34ep69WtKdd8/1J/px9P9b3vh1X/B13yf682vyffvPrdB11b/Ygf77n36nWvTrh6Sbj8ccfT+nv3WySOuyP+J+hH19661gcR11c24B5FjzyP6f1F/e+tceuFlU30j6XNyR/yP3rr2fXHXF2B9I+vFvrbn8Xvzf3vrYHn1icEcAW/wAbDn/D3rqw4dcSDptwf9gL/wDFfduvA9YEXR9Gvf6gjkH+tv8AW91r1YmvXmUN9L2/Jub/AO292+fVfOp646F/pxa3/Ee/f4et/wCDr//S3V4v9SF9Go21EqPrYGxHJPs8px6W165SIrMfUNAAIAH1PH1v+L+/fPr359dqv1uLAgAWH5P5ufrx78B68Oq049ZQACFH6mutyORb/Ani597HXusjxHUCTpGm9z6vz/Vvof6e/Eder10E1HRKbj8OfyOTa39effgPLy6311bSP1Aoh1E/n+tv6C3+396PXuuKymS5RyVJ9JCkXJ4sSbXNhzz79Xr3XNkcXJN9I5sAHNjf+19be99a660tquvq1G3+sCb/AJFhb/be/U691lMTFfUx/V+CAR+bCwtYH/b+9/Pr1euQ1Mg9bei6gAX188kf7V79jr3nw66eOR0HJRf1A6gDb8gj8f63v3XhQfb1khH7RjYXudIJvf6m9rH6W9+68eOOuehlBCj9P1tyQDyCdN+Af9j7917z66WJoyWJF2Fyp4Ata5A/x9769x+zr3qZjoF3t9WcAKW+nH0/s+/fPr3D7Op9Nk5otMNSqSJ/UE+m1ibk/m3v1PTqpQHp6jqYZriKUa+D4nP04/B/F/fumypHl1K1MvDKQLXP0K2+hta4PA9+pTrXXY8b3BX/AJJNvqOCebX9+61w67MMbD6lT/W1/wDev8f8Pe+vdYzTt/Ydef6tb6/69/6+9Y62Dw6xmnqOfSOB/ZI+v+9jj37rdeuBiqVNijmx4IH4H1/5N96pjrVR1yCz/UI5/H0t/j9eb8H3unz63ivXYSp59Fhfgm//ABI/x9+p1rHXMQzMeQQbk8sAORx/j7916vWcQNb1Fb3+lz/sfe/PrVeuYVB9Tf8A2P8AvvofeuvfPrldQLA2H+HFv9vyfe+vfPrkG/2k/W3JsD/rk/09+4de6wyVUUf65Fv/AKhTyeL2ufr/ALD+nvRPWwpPl1HkrCw9HCn+l+P9j+bH37qwWnHrArtIb2uQOb3BA4/p/X3Xz6vQDrJrAIUjm30AJsfz/j79x699h679RuByfqLiw5/rz+Le/Dr2B59dAkEK45/B+pP+2+nv3Wj5kceuX0/1X+uOQOffs9e49ci3H0JvYXAvb/E+91/b1WlPl12W4ubGw+v0/wCNe/cevAZp115AoDE8HkX/AK/8V9+r1sqTXrlqDfn/AG30/wAP9v79XrVKeXXCx/1Qv9fpb36nXuPXXIueP6m/++59+69TrrX/AEBBPPP0vbm30596r1sjrhq9QIJJ4Gm30HP5v9ffvLrQ4mvWFy1zcWtbmw/3r3vqwpTHDrHdmtqDEfX6gf7D6f196631wL21ADnm1/zz78T8uvf4OuOptX1FgPULi4NuPqOR7116g68xK/S1z9dR4/w+n+PvdevYNOu7H/Ur/X9Xp/5Hf3uvl5deoOv/091dS3kNyVU82Iv+oH+n9R7PelfHrL6Vb6f0Hr/II4+n05Pv3Wz122kgBGtzbWT/AGlP4/HH49+4fZ1r7OuRUlRaS7E+kAC/0B+v1uPfuveteuau9jrIFvSG/UPrc3/ofeuP2de67bTq9IF7AgkcEf4f7f3vz691jJNuSASSQV4P+IP9k2P09+/Pr3WFH0kanGm5ABF+L3JUCwuPfvmet9TjIrMQPWtr3/tH+mn683+vvfWuuaAhi39FvpNv8f8AeLe9Drxx1n0hhe6gMOR+b/ix/ofe+tDz6xBTEToUW+t72/Fr3/I/w9+z17j1lQKwuxU6f7B+lgfyP6WP+x9+9OvU6zJTgtrDFVsRbTZbj86fpcn36tPLPW9R6lFCDzpYWCnkDj8/T8/096r1qvUOaJWIuhaxHFrWX82P1497+zrefI9chGCg0RAE83+pFvzx9ffgfn1rzyeorxsrRvoZgrXa1/qeGFj+F9+r1YZ65hQG8i6kIPN+BpFrcAf8b97r1rHDqatbVxLeNzIFALX/ANT9LWNyL+/UHrnrWlScjqRFl0kJ8tOFJuCUuL2IP1Fgefz79nrRj+fTjHV00iallkiP+1AMOL/UGxt/sffq/LqhQ/l1lSRJDdKiNv6AqRb6f4kHn36o61pYYp1lHksLNG3+s9h/tiPfq5p1qh9Ova5vwjH8cSKebD/EX9+8/l16n7evB6j/AFMo/wBiCP6cG/v3p1rrlqm5upB/qWHP0/N/fuvddFmBs7oLf1cG3Njf36vz63T5dcWlRP1TJz/Qc/7yfyPfsevW6H06xtWU8fJYkE/j+v8ASw/PvVfl1vQTjrAa/wDVoXQv01EXZvx+bkfT37rYT9vWF5pJSQ7vpZb3HA/V/X+tvfvn1YAdcVjjHLWcWsCfUb/4k/Tke9cfs631zBGsgHj+hH+Fre/V619nWXlLG9wCSLEEH8f69vfut+XXYYOQVtpuQSLg3tbi/JPHv3l1rh1kH4tcWv8AXm/1tyfrwPfutY/LrkeTa/qt9BYX+nIJ+nvwp17hXrxNxbnUALi17fT+v19+691yH4Fx/wAT/r2/x9+9OtEY4ddtZb/4fgcE/wCw/r7914VPHrFZHP0sbfW/+H5AP1Hv35dbNRTPXMKAAD+Bwb/T378uqnzr12St+WBvfjk355/23vfW/t68bcEG9xzb/bD8/j3o9a8iPLrGGAJDCxAvf63H+H+IHv3VjxBHXEuoBtze31+nvfWtNePDrifVchgbnmwutjx+fp716derQjGOsBJX+p5Or03IH+Fh739nVh69ceD+L/SxCkfW5/J964/Z17rhqGqxUqQeSR9Rz/tx79177D1kCg8/1tz+T/tx731on9nXK4vosLX/ANT/AIfS3veOvZ/Lr//U3W7BWsxDA3A/ABI4/wAQbj2ffb0q/Proyx2AIAJP1te3P45+ht79XrfWRWDRkEE+o2+gtbm/0/NveqV69Xj1jDshA0EHTYFvpzyLc39+63inXbtdbC3+PJ08f4fn37rR6jPLZSbkn+yRcWt+OD7rX9vW+HXCKQyICotYk83/ANe+kn3sda+XWYwu6/8AFAbqWP0/r72B1o9SqOnYEatYUA/W4ufzf/jXv3WupskK2LqGPFz6jcfT6ckn3v5dWqeB6yQSDSQoVbm66uSbfQ2+p+vvXXvPrLKUZQWYkAE2Cgc35H4+lvfutZ65UpV+VUcLYEgc2P4Jubce/Hh1448+pBYD9RJNubD8G1yb/wC8W9+68K9dGO6g3sCdSkcfW9gRz+PfuvdYpLlSS4a3FlNrW/p9Pe+GOrDrEFBYsusi3pJc35A4t+Cf8ffuvHy6yBkKkNcj6Xv6gTYi4HHv3WqenXFjEQVfV5AAADwD9TcEWuffs9boSfl1zh9S3YAkcGxsbfUH+lvp73wx14+g4dcvErW8bI1xezWv/XgfT6Hn3qvr17PmOsYgve6yIV1c6hp44+nFjz/tveyet19OsIDRuB5Gs+nTqP5ueblf6e99bwePWTzSxuoDlhyLaj6R+Tf6C/4/r71itetUFCepC1BZbiUwkE3+tifqDe/A9+/LqtKeXXMS1CkjzyMGb02H0HHN/wA+/UHXqD067aaaRwodvob/AFX/AHiwv/hb37A4jr1APLrG3nOr03Yfm99Q/oQD/j/vHv2OvY64rHIB6/oWHFr25/qTxce91Hl1vHl1lZXFiP8AXF1B9QAsLC1vdag4r1rHXcEcmpvJrF/oGAsAOb3vf6+/H5deJFABw6ksVIF+B/S9uQP9e3vWfLrWeu1misACA/PF7gkWH0+hPv32jr3Dz67Ro3OrhyCfoLWP1A/1gffvl17PmOsvkQf2TbgEBb6f9v8AUe/de49drNc2UAC/1On6f4AWPv2evU6zBkJvpJP+HK3/ANibe/dVoTw66BfXygAN+bgtYf4Xtb37HW80weuSnmwQixN7kX/rxzz71n8+veXHHXJr2/QT/T9INuD9b/g+9+leqjjx64iRTxblvSdQ+n+x/p791uhx1y06TqAB4+gAH+2+vv2evV49eU35KleLWJt/thx/T37qp68zHgeMtz9eP9vzx731sDzr15rW/PPFh9P94/HvXWxk9cFIJst+L8G3+HH59+68eGeupAbDSBYHkWFj/wAU9+60OJrx6xl9FiQq24vq4N+bEH/E+98a9ep1jZrk3PPAsL6R+P8AevfurUNesF3RrWXSOL83/wAD/jb34daxx64SSIGGph6uLern8G/49++zrY6kKdQFuB/rE/j/AHj3vrXr1ytz9De39OP99f37H5dV8qVHX//V3VmF313bxlQyjj8Xux/JPH49n3Sr06lLZotax2JJs1hcCxv9fpz7959b6gmTxMCzahq5X82uR+TwPes9a4dZ5pVkQsPST9STewsALf6/v3W/LpueoEYIa7E35vYXPBIA96Pn1rj1iRmmsF9Ki+r6kgjjTbj6+9Z690+UlINKt/Z4BHHIJP0/oOfdqdeJ8+nlYgq6VIsD9Bzf/Xvb/Y+/da9c9YakFArH9JP0JtYW4Nr+9/4etjrgGSCxAADrfUTx/hb+v+Hv3XuPE9NM87LOrKwIDAaVFr/0vf6296x1b5dPNKWmUs9gP7Kgc3Nv6n6X974dVNB1MjVY29RALNZbi1xyD9eOfejXr3UkRoNVuLg3H6rA8nkmw9661XrDdoyvqDJe4AAJH5FgLfn36lercR1gkkMhtpLA3BsoU8Dn63N/duHWwKDrgQ7qF0hOSfVcX+h5I/HAHv3Xvn14qyfVFBt9fqSByLc3PH09+wevDOB1yYqQGLAqBZr86Tf/AGnmx9+62K8PPr0jquks367W0XBIAvYi1re/deA64JGovJ5AedQuSAfp6SCOLW+vv1evVPp1JEhuNILKQDpUX4IF7/4m3v1OtU/b1xZlckNGSoUFdXpNz9VFhxz7916h4g9cvECgIiBYH9H5Ck8Ani/Hv1eteucddSEvFdYyvP6QB+F9V7k+9db4Hj1hUScs9gvGgagLjgD9Jtxb3brfy6kgMVsApKstm5P0/rb/AJF71+fVfs6yqWIDBeRcGyWv/j9Le9dV64yK1+WurWGmw9JHFxyDbm9vx78P59bH2dckX8B/VYEXFzYfk8fn37r32jHXJPLq/cAIF9Laj+PppF7c39++zrxp5dcyY1vq0k3JCm19X1P1+l/fh14Vp14xo4BC6bG9voCf9hxwf959+69XrIqafUAeeTYgHg/7a/v3WuuR0Dmx5AN7jSL/APE+/fPr3Hj14GE8oBci9gLC9+bAcX9+48OvZ8+supCFJXTfgkrx/t/fuveZ68CbFQLG9gwNzx/T839+69Q9cwVPLD6AA6hY8H62/F7e/de65gAXJ9NwPzcH+n+N/fvt6qanHXEsoNvqRe4AB4tfn+nv3XhU+fXmkAK2HH+Nx9foR+Pfs9epnj1yGkm4P5te49+x1qpHHh1xNiTyT/Tm1j/T+nPvx68K+vXuTYFbH+twf9if6j375dbP29dkj8j/AIjn3vh1rJJoesLXW5FtBa39Tzb8H+lvesdW/PriWDCx03+hsLDg/wCP1v7317A+zrE/1BAAB/3jj88jjj3vrWc9cJCQObH8mw5/1/8AbH37rQ4fn1BeQlwo0n6ACwFzewtf829+8q9WGOnCEKRybcfWwt/rCx/Hv3z6qTnrLYfpu1v6/n/W/wBa/v1OvfPz6//W3UoVC3V3ckKAAo5+vH9AOPZ9/h6VdZGkcak+gZeLMdI5/I/qbe/de6ap5gPry1tIJH+NxqHNrD/b+9E069101UzRaeCV+h4Hpb6WH+xv71X04deH2dR47ufXqJ1W1AXJJNxYfgG/vQFaVHW+lBTUgVdTAAMLgWGr6H8Hj6+7da6nLUGMCIBFNtKt9Lkc8j+g/wB59+pw69TrnFXEErpRubMW/qf96U+99aoD1llm80Pq0KtuCjC4PBAIP0uR78B1vpqnqVJBBb0C1ufrqHPJsPfut/LqPGjSSK73Olrn/C/4Nvx71+XWh0p6eFyigIFsCTc/g888+99e6lMdPpLKRxcAfS4P+v7114fLriGAjGrSC1xcA8fm5/pc+/efXvPrhrkClVVW5YpZSApt6b3/AB73TreDxPWNmdTaULf6XF7/AEHJ45v79QZoet+R64aQWDBmOm9/UCPr+V59Pv3Wq+VM9ZWCsDqRQ6j03cmwHAII+lveuvDyz1HCc8Oq2sw0rcaibcHi4PvfVq+o6zK12QEHyHjUVHP1BJH1t79/g695HrPIpFiyllNvwBYfm9+br70Pl1oHyHXELIo1RkCP1eoSXIB4H1+h4974nPWyRXIz10mnxamdndm41EG1uQL/AEtf34+nXjxxw6zrIqqCyfSwJP5Bubjj8W/Hv3VKGtK9cXbQ2srqjBvwxIvyL6fx/j/h711sAnHWIPGzNYL+SQARe/8AUEk/X3vrdDw65iSf/UhR9fqFuLcgAk+9Y61QeXXMGUAsXUhjwAwtc/g/Qj6e99ex1wDEtddIvc8XY3uCeLH8/wC8e/fb1ulOsy+QC+sMfV9Bp1cAWBsPesdVPXY8cgsWYBbH+o/H5t9b+/de4fb1ztGxBCgk/kgn/Y344N/fq+Q68K8PLrIPQCAlweBza/N7gk249+z17riXJH0IN78G5sL3v/T36vXuuSk8WsV5Hp+n+x/xF/fuvU66+h0gBSbNc8D68/S/Pv3Xvt6zHhb6gwuB9bkfXn6n6+/efXuu1bSefpwbm3H+P1Bt791rrKQoFww/qDwRz/S/B9+69mmR1xudXLArzYgC3+t9fzb37rX5dZCbfUgX4vYXHA+v4Hv3Wvy64hWudTjSbG3/ABPPHvfXqjGOuVhcaWFh9QOeOb/159668fOo69ccgEH/AAtz/sPe/sOOtEU/D1xJYWBYX/rYf4/X34+XWxQg464gsRwORa/P1t+R79TJ69249Outdh6rgm3HBH1+tr+/dapXPl1jdbn9X0sfoPz/AEHPvw6t1g1IrHUxI/xFhb/X97HXvLrBLMojYg30gW4H+seffh9nWwDXpikmi8gctbj6Albcjngjnn37HVvl0o6Vo2RD5Lg25vc/63vfTR+zqTZL3183+uk/T/kXvXWs+nX/191CYCBtWtpCRflQLEc2BH4v/r+z7pT1j8qNCXB9QYllJ9Iub3FuSffvz690zVcgVQ/0Yj6kjkgm/wBeADf3Rs9WHWCj1TzWb1AXIt9Lf0HPvwz144HSopaa5OuwHB+hAsORz+Ln3f8ALrVP29SJpCno+gFhc2tx/UgXIv791vqJZzIRe30b+tiPpza1je3v3WjnrOum2oPZ/rpPIB/w454+oPvfW+sM1RoBY/UWUaRZLG3JUfke6169g48+sECPOxAJYf4GygfXj/be/CnWqZoen2npvSOdA41BQS9xza97Hj3vq1QK4z06IpjsLFh9VZmuTx9ePzx9Peuq4PWQu2m4B+lyAt7H8XNxx7916n7OsQcXAcsTfkEAfkm3P4H49763QeXXcs+lFCjkW5PGk3/oPqPegOvU6wKW1Xk9ZJ4NiBY82P8AgR73THXjSmD1y0MWOnxxjj6E8/mx/II/4n37rdRTPWNWEZYh9ZBPAW9/pxyeb39+68fLrKHjUK4Ygm5C8G5uSQFF+Pfs561nPWYkNpKsb2Bv9PwOD/S/9feutjH2deHlFlKgre5LsCADb0gE/j37r2PLru3jBtYg3LBLek354F7i3vfHr3HrmqxoNWlmH15Xj8EW/ofeuvGvDriZL3PpI5AIIDC/A4B+tvfuvU6xGKR/7Y9fIvYn6/Q2NuLH8e/dbrQfPrKqspOviwC+gDnSTYkEfQ+/daJr1yfxswViGIsVN/wf8QLAg+/Cvl1qh6xIgvySvPAPNiD/AK44597635cOuaCRWuNOn/C4uR/h/Sw96x69aNOshlCgXUsL3uBY8/U2txb3rr1K+fWPySB7aTblgwseL8A3tz+fe8deoCOsuo39RVVaxA4VwSPoefqf9696/wAPWvLrndSNIkP9CC5upN/p/Qe/de/LrkdPH+pA5b8/WxPAHv3WuuKIWUlbkNx6SdJBvY2/r791uvXaCQCxuTewuB6efx/yD7359bPHHXWqZWIWJmB+rlh+LGxUn/be/deFOJPUoIWtqVmFvzxcW+nPHHv3VcdcX1RHiJ2S4HpsSB/UX/xPvw63x8+s6DUCCgUC3B+v9b8WtwffutHBr14pq+uoH6kA2ub8/wCFre/daqMU67ZQwFtRsfzyf9bk8D37r2a0PXSq45A44+tr/wC3H+Pv3l1qo9eu+B6tNzzc3uR/T8C9/fvl1788de1cAlbEDg34/wB7J49+9OvUrXPXR4INj/rkm5/1hf8Aw979OtDhwz1wKhwSI7i4FyT9PyRz79TrYNMVx1icPaxOn/in4/PA9+63xp1xszEBUvY2JP8Atv8AYj377evVHUeZbBgyqtzb8fX83/r7314HI9ekVVyaasqdIGrm31PN/wAX4JHv3n1Y9LShiV4UsV9Sg35/oLWP9fezjy6oxNepn58dxbT9fz/re/dV+fn1/9DdOyDMtPIUOprmzkW44P5+nHs+PA06U9MUdQ0TqWs2qzfpsovyf8SfdNVOt0wOolVJ55pAACpPpX62v9D/AE5PvXE9b4DpQ4mgMemUqoP0JP4WwuOODz7uB+3rXH7OnGbIeAhRGrEEjSP6g/0/xt7314dZC33SI6Cwtc39Jtxa5H+pHHv3W8dZCiRLckamB0m30IJPH5sx9+6901VdQ1xoBQ2XVqB5P4+lh711riesMaNMFDXPPIP0PJtx+ffqevXvs6faGmSK4H6wQRf6Wbhh9LD/AA/PvfXs4PToWaNfTZeLatH+3v8ASw/x9++3rYzx64xuTa5W4+v1tqBP6RweRz731vrl5dZ4JGof6lhyfpxa1ifp9PfutUwa9ds8YX9BJWxB/P0tz9b+9Z61k464yaSupAzem54OoDixP+N/furDrisoYgEMUJX62uOfpbm/+9+/cPt61THXMBGf0q6k3HrUaSSOD9bj6e/Go63w8+sTJ6mN7G30uOP8QwHAP+v7916tPLrsDT9Quq/ptcem/wBbm1iffuvV8q465+RUb+y5H6o7i4/BIv8AW3+v791v5dclm1gu4UAX9N/x/tIH6uP6e/daOOulZCCysxW3BF7EcXA45A/2Hv3W/t49ZQCzekEqeQD+Tx9b3J968utVx1yIS5Gl7kH+zYg34NwB+fe+t165eq6Wiv8A0ckkm/1J44vb3ryPWvXPXcilhZ1RufxcG17hSQb39+H246911ZgxClALAg6eT/sSODb3vHXsU869dtcDV5C124VR/Tixvz7959eHHh176Hkte2o34PAAJFj9Df3rPWuPWTSkgtptwAfXwfrcD/W9+yOvefHrtgqW9FwLqCT/ALZfT+b+/fZ1rj11cXBKACxA1ckEH6c3sf8AH371z16nz6yBlsP0te39kf7DkD8e/cOtZ66BZT+kc/UauFBJ+hA/p791vrKuoclrLf0g2FhxwPx+Pfvt611kZwB6gSefzwbH6f7Ee/V69x6460ALLYj8gc8j8cH6+/VHXuuXmLEKovY/WxB+gv8AXn6e9f4etnrLybi7KPyC1/r/ALb3vrXXMK1gwIJAtyPx+P8AY+/de+XXIEGx1fT6i9h/sR+Pp79+XXvPh11cA/7Ux/Gnkcf1PA9+69TrmTZb6b8/T6/n+gv9fe/Lqn59YdbfgBfr/qf9he9veureWTXroEA/1BvxYix979OtEkDGD1yJAIVgx/oCBcf0t791X/D10wNvTcKb3BH0v/T+nv1et1/b1jkdgPx+Pxzb/A+/Y69T5466Lg2tcXHIta/BFxYfT3vrdD1FqNPjckngGxH4IH+8H3vrQ4joPKqaNqlQxIsQGI5JsxtyP6+9EitOnM+XS8x0i+CPQTcKP+C/T8f6/vfTbcTXqXdtWq4tf+n+x0/1/wAPfvn1Xr//0d0WunAjKsdTcgG5VCCP6fm1/Z6TjpT0kJZpdXjF7Ldi5twl7hQP629t+Y9Or+XTli4HqJS1iVXSWA4uF5v9PdlHn5dVr0oJMhCjGnW+pQGVPpYj9QtwCfdz6dbpjqRDAag+R10qHFh/b0g83HP19+6904AxRKV5Nvoxb6qeLEWsCP8AH37rXTdUVX6mB/BC24JH14JPFj718uvdNMYad+T9W55vwD/j70BXPWz090sUQYkyXCtpIF9N7WsDbg259269Tz6eNUaAMhBHAB/Uxt/rgA2/r791uh4dc1Z2DkaRwB+q97m/0AuOP9h73X163jrysP8AVB2B5/H1H4HFre9daOOpIkD6SoYAekkC1x9De/4v791rh1ikADKRawtq1Ek3I/H+Fvfs568PMevWW5NvGwY83PIutzcfnm3v329b8+HXgtwgJHBvfgG3+xsR+PfvXrRp14xs/qEigXuT+ohh+G+hIt7114elOolm8tkZmBNgQAAD9QNJ/Df7H3vq2KdZimtgSjWuARcgAD+gIvYj3vrQ/n1ycQoyWCh9VgxHIF+eRzyD7117Jr17yIgN2jB/qNJ1f7Aj+nv3W6VpXrlECQApcJqNtIsvIuQQf6+/daP8+s4RrjW7KAQA4Jv/AK4/BBH196x17y6yMqm6NrLCzKy3GoW/DGwH0v798+tf4OsuhtNgxjP+NibWsfyefeutcD1xKsL6WB/1ViL2BHP0PP1976369Y0XV+LgH9RPINzf8D+vI9+PXj1yOoLwFsB/rg8k/ixB9+4560M9Yy5Om6f2fwPyP8SDYW9762OuwFIsVCtY6tJuef8AEWH49+z1rPHrIEH+q1cX+vptbjV/iD71+XXuuPpe4aQfTgg83+n+tf37h5de6xjUV0oDzqF/wSv01WH5A/w9+6tjz6z3sDyoNuAxsSL2IP8AX3qnl1XryyqosH1Em1r3F/rb1fn3vPXqefWQyLcnVx/gRe4/w5596/LrVD+fXYkWwaNb3IBtYWPP1H59+4dbp69SI3fhinP0J/w/H0/HvfWjnrk7FrWVQfwb2+n+t/re/deH8uuIck6XuD+LH08fgj63I9+63jrtRdr6OLn/AF7f0JA/Hv3XvLrJKQAFAF/rb/C3HP4+nv3VR1w12YWBB/A5JubXAA5Nz79SvXj6Hoo3yB+d3xX+NUlfiuze19upvWipFqx1vtqqi3H2FULLr+3U7cxsktRj1mdLB6xqeNRyWAt7Jt25h2nZIme+uQGH4V7mPyoOH50HW3imjgW4eNhATQNQ0J9K8OqA/kv/ADuu798VVftn4+bepOmNsyp449y5JaXc/YtfFKSvlglkibAbbZkYWEMdTMh+kt/cU7v7k7hdho9pi+niP4jRn+30X8q/b0iec0qpFB+2nVhP8nD5jbn772HvnqbtTeFdunszr/IybqxWYzVdJW5vcGydxVbfc/c1U371VUbdzzNE1+UgqYgPSo9iv293+bdLO5sb6YvfQnUGY1LI3mT56T/Ijq8MgYEE18/y6uvuALkm4J4/BP8AtvciDp/LV6xlQ3551E2+jA/1BHB5976sMDPXEa+LqCL8H/ffX37rflU9Rqw6aWc35CG1lNiPqL/n3vrQyR0Fvm8lSWdeNdmGm39o/wBfoPevM9Wp0IeOGuFSAi2AI5tz+f8Ab+7dNN1P83r8X9q1/wDab/19+8q9a6//0tzvJMBEdKamAItxwD+LH6E/19nprTpSB0kXMjMAA3qYA6rX+v8AX6WuLe26dW4A9LvGxJTU6SEAM6WbkG+r+vAIIPt0YHVQB1lpsfHNMtWw1KGAFl1D1cXPP5t79/h6tmlOnOadYmZUDR8W5Asf9b8+/da/w9MclVc3te45+pvYm4/wB96qOPWqdQaiew0gDkfpP41X4P4A96J+XWxnqbQREWYx6ha304H0+i8FgfewKDr3Hp/ARALBQdFr/Rb83/GoHnj3vq1COuYVZBZvqCLGO9ibgAtwPe/LrYqK9TVhICAootzY83F/6f48cj3r8+q6vQ9eWFWkuFIPAtyATb/H37r1TwrjrI8bDT/ZsQCtrJ/Tg/kn8+/Y62D5ddBm1foUgHT6VFzcD82+l/fuA69/h671Wb6spBAJAsp02FyPp7917rpyWuG9fH0sBY8+r/WPv3Xvn14QspJ55+oBte9rfjn37rQNesippvqGkj1cA+q3IN/rqHv3XvPribtpZZPTqBIAH6TzYk8m/v3W/wDD1xZV5XQzEamBtwWH+3uLW9+695167VEIuwVbHULhbn+o55/Pv3Xh1kDwKx0vc3uoQ3BHH1AH1BPvWfPr2TXrIEMiqHkNtZYG4/P9ePfuHWjjy6ztqIQoxe1vo35AAIt/re/evWhTNeHWJnZSCgYXU2/tAk2+v9CPz78PTrYAINevfu3B4B02BLWJ55BFuPfsfl17FPl1mCtcXRfpe6MDzbg/7z79+fWvz6w/u3ICkC55ItwPwfoffsdbNOsY1G5LXUE8iwVb2t9Ofe8cet/l123iJuri/OoKx+tx+R/S/wDsffvKlOtZPHrzKRfxyaT/AGfSzc251A8Xtb377R16oOCOuIuh16iW4F9AUc8fT/W9+691JWVWA0lVP5AP0/3n+vuvWuvWAPIDE8WIBJ/wFzxY/n3sfLrXXelWDaYgCCOG4F/qCbD3v8+tjB49ckRRcWAa/wBFHB4twefeutdcxYC1hx+TwAPpzz7917rkHYXW3+sVN/r/AIH6gX9++XW+s1wQPpwfqLf7H+nv359e67ZdVmb+lxY83/1/qT79x6915HsbAglSb8n6fX37rR8+gt7n7w6q+PfX2b7S7i3rhdhbG29A0uQzWaqRGZ5SrGHG4miQPXZrMVjemCkpY5Z5WNlX62ZuLiC0iaa5kCxjzP8Ak9T8h07a2lzezJbWsReVjgD/AFcOtO75/wD8/ft3uqqzPWnxGfPdIdW+Sahqew/RB25vGluYzNTSxiWLYGIqlJtDTNJkWQjXPGboADuXNE10Whsqx29cn8RH+QfZnqSto5Nt7ZhLun6kw4qPhX7f4j/L7etf+TdmdbLVO4Jcxkqnc01a1fPmayplyFdXVcrl6ipr66skknrpahidbSu7Nc3v7CcqwymRJow6txrmvrU/6s9C3cbK0vbCXbpoQICKAAYU+RHRsNlb4g3nhvNIRTZSEikytGJBEwqo1LxyxNLcfa1EYLA82PH49gnc9tbb5lMRJt3FUPHFcg/MHHz6x/3ra5tmvprOTK1wfl5dHj+FHfOR+MXyW6u7TjqJYMFR5mHB71hikiP3+y9xvFi9w080ZaMmOmglFWOGPlp1I5HtVyxu7bRvNjeVpEGCyehRjQ/srX5U6LFYo4auB1vlU9TDVwQVVNNHU0dVDFVUlTGytFUU1RGs0E8Lrw8c0TqykXBB95Ogg0KmqnIPRovy6zqVAt6b/U6hf/kng8e/dbp5Hh14WvYtYE3FhdT/AIDj37r2fI9RMhpWim1EsNDcEAAfn+hHvf5deXiOHQTpNG9Q3N1Dm6gWtYj8j3qufn1emOhEoJgae44CKLcAHlRa5t/X+vu9OFOmmBr03/dzfd+T/dXl8F/x5Prf/X/H+v7tjrekU/1cev/T3NszZZgqjTe5f+lubAX4+vs9biOlVQMnh0yQwGWqhFrqfWAP9SG5J4sOPdRx699vSwq9FLTRqHuzsqIoPNzwL35NvdzQDrYB6liQU1GqMLuqAsRb1X5/BH0v711s9J6qrnflSQ1zyeQSPoLWNr+619OHWvXpujnc+v8AUW5NyQoGr+n496GM9b+3h1Kpw07kcEgjj8aQTb/WP+x97Gcnqp9OldDTFEBKstwCChF1t9L88/n2514dSUDXUMQB6dEhAa/qJAbki5HHv3VupKstiA2m544AsR+oemwt/vfv3WuPXLXe1rkrxc3ufzzYWXke9U61jrksjvc6SCGuGvyTfkj6i49+9evfLrkxkNhr1gH9I+o5/p+Lj37rY/w9cUNm0trBudIOm30v+ofS3+39+62TjHUnyKRbUPV+Lc6iAdPN/wAe/dazx6xagWBPIW1xbkAEc/19+8j16mDnrvW5W8SEhfqT/jexFyfp799vW8DJ66ZnZrqv1FyP9b9Vv6e/U691xb0OHFje5sLlfp/sAGFvp795de49eklIZFJ0ggCxIBt/VbX5t9b+/deHA+nWWyEepfIAFsLC9zzwTbn37/D1X889clCEKUIBHOklddhyB9ORYW9+63U9c1DHh1Gm97E24PH6gBf3o+vXiR+fWbSoLAFh9CFB/oSP9a3vXWgevXl+gso0k2Fje4/rY/09769jHXKJbAXF9XN9JFgebX/1/fuvHrnJoA1HUth+L/k2/wBbn3rrQPUZw2n0MRZvrcXsQP6m/HvYp1auc9RXVUNlX9VwR9Lm9wW/r/sPds9e69pW4JjCcW4JOrj8DgAce9fn16v7OpAnRFto5Q/RgQbk2NySTf36nWqenXmkVlOr6ED6Aekfi7WFiT70MdeyOvJouoBjCtcWINyfpe3FuR79/h68a+XWRrgC2kckaib2AH4H1uLe/CnXh9vXEM1iSNf0YMLLqsf6/gW9+63QY64tIWB0hYx/qWe/Nr2+nHv3WwKdZEYMV1XV9NyCSVN+CvHB/wBb37y60RQdSLgAgcX/AKfpv/UDg/j3qvVRnrwci30/19JsePyb+/db6yBy36rFQeOLWJ/x549761XquD+YP/M06K/l/wCzXk3VVwb17nzeOkqdidM4WvjTOZMPeODO7nqUEv8AdfacEvL1Ey+apClKaORrlSndN4ttrQhjquSMJ/lPoP8AD5dHOz7Fd7zL+mpW2B7n8gPl6n5daJXy6+cPyE+cnYM2++7N21VdTUUsw2lsHEeXHbI2PjptSij2zg1l8SyuotNWzmWtqDzJIRYCNb/cbvcJVluXrxoPwj7B/l6lvaNqstqj8OzhYOR3Maaj6Z9Ps6KHMJDUMY2WJiiqWZLSu6oGBRRoDobEcEn2g4KD0Zy6i5UEAkcaZNB/n64pO5pyzykVK+thawkIsVVWbUPqPVb/ABHv2DJqHCnVQ7qpDN30x8+hP6iydeu6zAI4GGXoKmCenk8ZdmpVSaN4SxV4ZAAw1i914+ntFvUcTbTKWc1idSD6ajQ/lw6jb3BtS8MF68YD5H7CP8hPRtnIgoyrY/VHLItPJ4o5PIp1AiXXIVRYwwuSOLj2A1JZj+oBUefUUavljrde/lM/IGbvT4cbIhyuTqMtuzqerq+q9yz1g/y14sBFBPtisqSb+RqjbFXTJr/tNC35B95G8lbk25bBaGRqzxVjb/a/D+1adGFs2qMZyMdWZxOp1BlK2/PNrccfj+vsWcelJr6465FzxaxAPBP0BN+fre/v3y69Soz1Ay87xUMxK39J1DSTxb6jn6+/DrYpXHQVU7CSUtoKfuf05PN7+9Lxr59XbHQiLIIMcZD+lUaT1DSdKrcW/wAOPbnn0yalvl1E8SfwXy8efR91/jr1eT62/wBRx79XPV/Ole3r/9Tc23FfzEKpPGsXP0+nFjzb/e/Z63SjhXrji49RSQ3HABsuof7C359J97A69X16hZit82cxWORhYO88o/ARB+oj8XPujnIXz6fQdjsenusqgFBJHF1t+bE8AADnn3utOm+JPp0nZXL/AENjckX5KrcHn+z7p17rHGeCFN/8WF7XNv8AX/Hv3+Drw49KfDU4bTM3PPK2NrC+oWFrAn8+3FH7etcelEZCWVA2lb+n6f0Pp93635U67DRLdWBuUK2Iva3qH1/HuvXj8uug4CKt7r+G+mm5uLgDkH37rw6z6wq2UMT9eDbVxc2P049+69TroswKkJb6am5P1/ItwD73X5deHDrkXK6V0AMF1Bmbjkjnixvz7117z6y3Z1Df2l4uBwTb8HgX9+69/g648vyqHULEam9IIPJsP7Q9+9evHHWaMN9HbUfrZRYHngauPr7914kddFPUACwAJ4DXNxza1ubX97/w9bqKfPrLZ7KFUAg6vpcENxzcge9Yz17HXFpPEul0FwSfSLjg3/p9ePfqfs61SuesRdmUNYMtwPVf0XtY/k/7H3vh16nWGPUb+NwTfhbD0i9/ST711skenU5b3UFlJsTqJAY24I4/I964V611JBQgGQniy8KSCT9D/vHv3WqdcZJIiwHHH4III/3jj3qnXgOuayJxpF7jkC4BH4YD6e/Hr3XIGVTY6mAtYhlPB/rx9efe/Lr3y65umoXZLtb6f2bfT6/kj3rPXvz6gyLIv0ESnnhnsf6fTkfQ+7db/b1ELv5AuoAggWvrH+w+v4PvfW/IHru0jMCzJYn0ix1X/P14t/re/HrXUrVwA4vyLMo1EC/5uLkD3r7OtdcGVHAJEnJsLMUB5vYj9P19+ofPrfXtMYKgoS1ib8MeLf7Y8+9Z631IDg/2AVHNy35HFwf6j378+qkU+3rxNwAF1Brjhiq8f7f6+/U+fXhjrGVjVRdSt2+hGvjk/U/4e956tmvXKF1I5Oni445BJIBuL/Qe/U683XJn0cM5awt9LEXJ/wBe/HvX5deGeA68swQk6iQQLFmFvxyAfpwffqH060R8uqOP5r384javwsxWQ6d6Umwe9fk7lKO1THOyZLbfUVBWQkxZnc8UbCHIbpaORZKPEsw0i0tSBHpSQN75vybeDbWpDXpGfMIPn8/Qft6FHL/Lcm6EXNyCtkD9hc+g+Xqf2daM3YvZu+u3d6bg7H7F3VnN8b33bkZMruTcu6K563K5Wtl41yTO5CUsNwkUMSrDDEFSNVUACOpJJJneWWQtK2SeNft/zdStAlvbQRQWqaIVxTh/g4/5eka0oLWjlkjeS0YmQSiPXpHpJBHjVmAAuABa/wCfdM8CBQdOSSKRQVDnH2/5uuLIsjr5HUzq/qYyagEU3XRq9Vzxcfn/AGNvdWIFSPgp02tWK4/Urnz6kF5HqRDqiWJiZPNC3rDA2YoqIpDuDyPofzb3UFVApw6fkBZ6AjR6+nQl9WukW9cWXkmlSGmyfktL+4utBH6vKpIddduD9OfZfuwLbbdDAqV/w16AXuC4Gz2oJLN4tP8AV9nRtzKslSENSywXZhJ9zoCRldHjaByfJd1W39Tz7AyIwjqFqfs/y9QypzXPHq/X+Qv2423u5O0+la+uIoOxNnQ7uxFOXLIdzbIqjHWGM/pMlVt7KuxtY2p7fj3KXtjuJTcNw21j2Sxh1H9JMGn5H+XSq1ejafl1tQxyWupNzyCCD/sCDYAj3NP59GB9QeuD6g2rUAP6W+pH+w/p78fTrdcZHUHNTD+GzHWeEOlgQfwOP9jb377etgCvDoNqUEPEBe5cX/1yf6Wv70vWz8+ltmGK49IV5aYwU+k/kSMA4/2Kg+7g8T02oq3y6dtA8Pi8Y0eHR4+LW0Wtf3rNerV7qeXX/9k='),(1142,0,'',1,1,'gaga','2019-04-29 02:52:01','gaga','2019-01-01 00:00:00',_binary 'ffa');
/*!40000 ALTER TABLE `reports` ENABLE KEYS */;
UNLOCK TABLES;

--
-- Table structure for table `users`
--

DROP TABLE IF EXISTS `users`;
/*!40101 SET @saved_cs_client     = @@character_set_client */;
 SET character_set_client = utf8mb4 ;
CREATE TABLE `users` (
  `id` int(11) NOT NULL AUTO_INCREMENT,
  `user_email` varchar(24) CHARACTER SET utf8mb4 COLLATE utf8mb4_general_ci NOT NULL,
  `user_name` varchar(24) CHARACTER SET utf8mb4 COLLATE utf8mb4_general_ci NOT NULL,
  `user_password` varchar(100) COLLATE utf8mb4_general_ci NOT NULL,
  `user_phone` varchar(12) CHARACTER SET utf8mb4 COLLATE utf8mb4_general_ci NOT NULL,
  `user_firstName` varchar(24) COLLATE utf8mb4_general_ci NOT NULL,
  `user_lastName` varchar(24) COLLATE utf8mb4_general_ci NOT NULL,
  `user_country` varchar(24) COLLATE utf8mb4_general_ci DEFAULT NULL,
  PRIMARY KEY (`id`)
) ENGINE=InnoDB AUTO_INCREMENT=4 DEFAULT CHARSET=utf8mb4 COLLATE=utf8mb4_general_ci;
/*!40101 SET character_set_client = @saved_cs_client */;

--
-- Dumping data for table `users`
--

LOCK TABLES `users` WRITE;
/*!40000 ALTER TABLE `users` DISABLE KEYS */;
INSERT INTO `users` VALUES (1,'hahaha@qq.com','user_name1','1234561','18810512190','Liang','Yuan','London'),(2,'user2@1.com','user_name2','1234567','13908273647','Liang','Zirui','CHINA'),(3,'user3@1.com','user_name3','1234567','17394738494','Jason','John','CHINA');
/*!40000 ALTER TABLE `users` ENABLE KEYS */;
UNLOCK TABLES;
/*!40103 SET TIME_ZONE=@OLD_TIME_ZONE */;

/*!40101 SET SQL_MODE=@OLD_SQL_MODE */;
/*!40014 SET FOREIGN_KEY_CHECKS=@OLD_FOREIGN_KEY_CHECKS */;
/*!40014 SET UNIQUE_CHECKS=@OLD_UNIQUE_CHECKS */;
/*!40101 SET CHARACTER_SET_CLIENT=@OLD_CHARACTER_SET_CLIENT */;
/*!40101 SET CHARACTER_SET_RESULTS=@OLD_CHARACTER_SET_RESULTS */;
/*!40101 SET COLLATION_CONNECTION=@OLD_COLLATION_CONNECTION */;
/*!40111 SET SQL_NOTES=@OLD_SQL_NOTES */;

-- Dump completed on 2019-04-30 13:18:48
